,maxFit,aveFit,minFit,maxSharpe,aveSharpe,minSharpe
0,0.16233336214161867,0.1615183301131845,0.1607032980847503,-2.2986292863105184,-inf,-inf
1,0.16378541588898898,0.1535682928051447,0.14162295207801276,-2.254199170049938,-2.3358517533611582,-2.491949270773658
2,0.14479628013308438,0.05262410671852027,-0.12829102532393866,1.187760905123888,-1.3123684339356414,-2.632916936157154
3,-0.05388375991658028,-0.10246916878676127,-0.11605044422983875,2.7023196573230868,1.6472333171587015,0.6119211456388355
4,0.1645606359479579,0.0731430778207678,-0.1255827852324261,2.2762095833450737,-0.6119088725010052,-2.2986292863105184
5,0.14479628013308438,0.11859390288970184,-0.030838517896350347,-2.491949270773658,-2.709194274082997,-3.3147868731655143
6,0.15552056658156613,0.00034022783894679015,-0.16249825019747322,2.2762095833450737,-0.5300508482161485,-2.476071101839309
7,0.169123732652736,0.05966843160030724,-0.12620404982660802,2.800203805988202,-0.3026508446203512,-2.8502977126921207
8,0.1629535717942461,0.12071979103807881,-0.12344558753516212,1.0790845057951257,-1.6452940022379228,-2.2986292863105184
9,0.16611133782227236,0.015950449049573465,-0.16170384643524355,2.377988056490086,-0.4061417015327819,-2.8502977126921207
10,0.16549535541223806,-0.008889113602541986,-0.13686465134763445,2.315427215293191,0.8514677006509338,-2.2986292863105184
11,0.16552504409946844,0.14218981247978912,0.08127520917316121,0.4543441981439941,-1.6103859151968902,-2.2986292863105184
12,0.16008591791061688,0.06599228219127382,-0.12655283542857798,1.7993937195239806,-0.5858801637382656,-2.2986292863105184
13,0.16869847251907502,0.12006226186881863,-0.13440869641053776,-0.9848198179004342,-2.138559360032384,-2.491949270773658
14,0.1647968376974626,0.06317424543357582,-0.12282992483105631,2.2762095833450737,-0.6602397319558586,-2.2986292863105184
15,0.16641863652319583,0.16248391378076676,0.15317462882716876,-2.2986292863105184,-2.2986292863105184,-2.2986292863105184
16,0.16044989004145174,0.13299726127792058,0.08276897118615445,0.4543441981439941,-1.225651077915556,-2.2986292863105184
17,0.16632261556748265,0.15709028656964014,0.13796850527182533,-2.2986292863105184,-2.2986292863105184,-2.2986292863105184
18,0.16468434454510963,0.12057878592285315,-0.12311335495669061,1.3498458172108883,-1.9743556666129618,-2.2986292863105184
19,0.1666288617941256,0.10645336943408082,-0.16334279412827896,2.2762095833450737,-1.7097644525039506,-2.2986292863105184
20,0.16626684786907747,0.1572287583495202,0.15055419330584802,-2.2986292863105184,-2.316203830352622,-2.491949270773658
21,0.1644043264085334,0.0040150309597966685,-0.16242053578249044,2.609319579433952,0.07206764753949724,-2.2986292863105184
22,0.12408212348502205,-0.0009194659171449585,-0.12592105531931197,2.2762095833450737,-0.011209851482722355,-2.2986292863105184
23,0.1655573816946197,0.051478085866585095,-0.12503732249355073,1.4515863414782388,-0.647639892673444,-2.2986292863105184
24,0.15967313584284945,0.024662163140116305,-0.14581741153139482,2.800203805988202,-0.04046083004266673,-2.384191532347055
25,0.14070603966491121,0.05718065446912043,-0.07807140990167605,1.3184796158071888,-0.017865318553835344,-2.2986292863105184
26,0.16855587701943603,0.1642062663596022,0.15351379876688614,-2.1566323271924928,-2.294598235376126,-2.384191532347055
27,0.16549531337843523,0.06232315820828945,-0.1584463720639185,1.0790845057951257,-0.7659574671704792,-2.2986292863105184
28,0.16891043975662567,0.14848531040716115,0.08072653536040246,0.4543441981439941,-1.7480345894196159,-2.2986292863105184
29,0.16772040846457995,0.15442040343154279,0.08370523830439731,0.4543441981439941,-1.9545076007537043,-2.2986292863105184
30,0.16830074335993297,0.11988481159803376,-0.11851697633699208,1.3184796158071888,-1.8095165837884373,-2.491949270773658
31,0.16976703171792762,0.06587415029012746,-0.14195177067145856,2.4766635149469747,-0.43523856096373903,-2.2986292863105184
32,0.1699140835453657,0.04157314820902142,-0.1562648124452887,2.2762095833450737,-0.9391485010886257,-2.8502977126921207
33,0.16916815129105423,0.009592831436424126,-0.16158759369952574,1.0790845057951257,-0.4025816909487803,-2.2986292863105184
34,0.16773593215601149,0.13953383729199118,-0.1217224852687273,1.5085553304037738,-2.00576893117865,-2.2986292863105184
35,0.16907464838045846,0.050050994307781246,-0.15897301338540193,3.0225641894894353,-0.4063487624102395,-2.491949270773658
36,0.16818138796317356,0.160452646791589,0.14499161038808375,-2.2986292863105184,-2.3469592824263033,-2.491949270773658
37,0.16890016589271012,0.09224306273747877,-0.15626451899756966,2.2762095833450737,-1.3034784246607358,-2.491949270773658
38,0.169355225284258,0.0057292657307897775,-0.16378260863082295,2.5746634590099564,0.03853246112809128,-2.2986292863105184
39,0.16930258706095333,0.16260122633277405,0.14048443449022183,-2.2986292863105184,-2.326517509360486,-2.491949270773658
40,0.16856998133220655,0.10359640294817635,-0.16060753459932398,2.2762095833450737,-1.4148106330517942,-2.8502977126921207
41,0.16874568063301457,0.15372006487773127,0.12939080766809094,-1.3579993642506605,-1.6792546123723595,-2.2986292863105184
42,0.16966456912269443,0.1361714748639337,0.015730013585974912,-1.9271415233693259,-2.32865939688392,-2.8502977126921207
43,0.1603549497488424,0.05826150844090914,-0.12205789743360679,1.853506708095227,0.13037480734740914,-2.491949270773658
44,0.16989293660702046,0.08013250180274356,-0.14598299632720996,1.3597021884630984,-1.263219050504507,-2.2986292863105184
45,0.19070544043513454,0.13478670190434594,-0.16229048912386548,2.2762095833450737,-1.7701293956198818,-2.2986292863105184
46,0.16937164735288815,0.11701502687760913,-0.1320284328827973,0.42433332739495533,-1.6570622800929415,-2.2986292863105184
47,0.17404869370054932,0.004804816573835767,-0.16932030858656075,2.2762095833450737,-0.14096300760907604,-2.2986292863105184
48,0.16913044106621103,0.11917478619261401,-0.156264600775981,2.2762095833450737,-1.6128553493050621,-2.2986292863105184
49,0.17905320078705672,0.0037336309891066078,-0.1574244306877116,2.2660700931947395,0.4544264940031693,-3.3766017337578837
50,0.17406947945936244,0.0034694131580047774,-0.17538732236407703,2.609319579433952,0.8072200632483757,-2.2986292863105184
51,0.16582614089009087,-0.08283908524236845,-0.17764499391232969,2.535191201963329,1.3629126880087508,-2.1641919142914006
52,0.16920387565321482,0.16508925113682257,0.15867918783621887,-2.2986292863105184,-2.2986292863105184,-2.2986292863105184
53,0.17492039428952927,0.16506664887164582,0.1588026921759433,-2.2986292863105184,-2.2986292863105184,-2.2986292863105184
54,0.15544275681514194,-0.006932927446568225,-0.17691863282059261,2.271343828748973,0.0938201653032592,-2.491949270773658
55,0.1824832630820001,0.09118418007981045,-0.1407217295437454,2.077023797971129,-0.8676337635473069,-3.421820877871922
56,0.17437944818540901,0.07972161302612656,-0.15364380710551775,2.2762095833450737,-1.0782566675630563,-2.2986292863105184
57,0.16229386232677487,-0.04610919634421309,-0.1586135023699696,2.2762095833450737,0.769621205462336,-0.6089549629551102
58,0.1825139412767008,-0.03410869465032932,-0.15752381665377668,2.4840575916075527,0.6829670341280759,-2.491949270773658
59,0.17431989842057272,0.0830099063811368,-0.10795601969983849,1.838932405671788,-0.9947664821555866,-2.491949270773658
60,0.18399418890583794,0.050848228285382734,-0.15861718337946215,2.5350445705223184,-0.88804631037746,-3.3724253455197366
61,0.18922696269075387,0.03007287739677957,-0.1449803782784215,2.699603188597902,0.17539633290836948,-3.2258027747562372
62,0.16858143116475136,0.02300258788832422,-0.15773130142100117,2.271343828748973,0.504798405806793,-2.384191532347055
63,0.17125269550148045,0.08627507594934718,-0.16841624736927704,2.2762095833450737,-0.831728373145806,-2.2986292863105184
64,0.14905251708619283,0.03636730222688727,-0.16653645214199975,1.641401424069405,-1.2919203087124778,-2.8502977126921207
65,0.17860919876288953,-0.00641323808623513,-0.16066102341175947,2.2762095833450737,-0.009744927445427444,-3.2743979167726898
66,0.19088978289646777,0.03464928776041659,-0.15424279914051645,2.2660700931947395,0.13368453800206986,-3.7780142731088047
67,0.16958500014149816,0.020127338459165985,-0.1605468216871385,2.2762095833450737,-0.046141552162506774,-2.491949270773658
68,0.16096809495244718,-0.011989096801513225,-0.14098365654410597,2.7824738398984525,0.8821891851799941,-2.1422899458575824
69,0.1785272425238208,0.027909915813177345,-0.1395297710494941,2.439173633789669,0.8548216231791752,-0.7493340058131976
70,0.17618395180023855,-0.06544450296525511,-0.15694697066555874,2.800203805988202,1.1815020785773584,-1.585496884516183
71,0.1772497412162681,0.011987914587810785,-0.14888188519100873,2.5624497852485195,-0.15340897711614812,-3.1726330566284875
72,0.1684012824917811,0.046871505765436604,-0.1590031986214137,2.338915926127607,-0.32692734606126006,-3.5523474286135577
73,0.1869512201946929,0.002462855105302896,-0.15024704722141258,2.7995758140288047,0.7032278616639859,-2.254037141687838
74,0.18586505647896273,0.0977675036368256,-0.14798026190904984,2.2368189054616403,-0.9608903274553742,-4.224537873471371
75,0.18608137722377896,0.1001777483287119,-0.06721912160033605,1.976245315359318,-0.14681268397764513,-4.8792518902717354
76,0.1696235981293746,0.000312734085929825,-0.1632113884450032,2.2762095833450737,0.4905396018044551,-2.2001157218011844
77,0.14182699599669324,-0.04790629032262177,-0.16481858778602204,2.7531294164054474,0.8174223093773286,-2.491949270773658
78,0.18326871632754999,0.05369033311430061,-0.147656357248004,2.3011863491635434,-0.3634355977065447,-3.3240092414782447
79,0.17894354994727535,0.04149863955090656,-0.1393272213416819,1.9878405578031377,-0.6023426707156744,-3.910164843813565
80,0.18597645490284154,0.036352325905391725,-0.16221371584239608,2.271343828748973,-0.5068503584589305,-3.07508492888098
81,0.18365622862605843,0.06461584007511548,-0.14997610573582285,1.8857258992352621,-1.0857980576716713,-4.033342899970419
82,0.1714042222847106,0.03331053752639072,-0.15183226661690025,2.0131269560800726,0.4453159758880056,-2.4669964124636397
83,0.17855054031828335,0.04548499820666318,-0.09933468311104166,2.05381870155008,-0.36495661243736116,-2.6220911510033242
84,0.18464183330831635,0.003996460562010194,-0.15682435990133764,2.452359802887772,0.5568686380197002,-2.855741011363244
85,0.19347460887991713,0.07266984602062854,-0.1402731416694386,2.609319579433952,-0.8449053639432204,-4.035286217504694
86,0.18808579148822388,0.05554599497070449,-0.1433976086506677,2.2909369138763873,-0.7030879131624302,-3.5235034254764224
87,0.15867242475972815,-0.006646618302120056,-0.1629198263428778,2.2762095833450737,0.8687185896271399,-2.4393795373611207
88,0.18078411858990212,-0.03597604632622947,-0.1503671317273473,1.8984682063390705,0.014048720030845452,-3.174801662053723
89,0.18283541159604286,0.011937609396633747,-0.15502203332447606,1.9155004149781842,0.11324612094346191,-3.567133364770701
90,0.18169306542581437,0.06831577904921765,-0.1292095009357355,2.281404684582059,-0.34622436057689787,-3.491559447166317
91,0.17104283934842104,0.01793206369698016,-0.16333793942601796,2.2660700931947395,0.3331415071991683,-3.1215001845873456
92,0.18452361548329985,0.015945966831009625,-0.14141203057152282,2.9857150571042803,0.4618255757265637,-3.8642743598527547
93,0.18556886154433805,0.05931688855462198,-0.14613788203176606,2.1864178007965487,-0.5319960021054781,-4.38681465490255
94,0.18724520445040518,0.04904862160854417,-0.12517498979624647,1.7511590008584168,-0.10449958643257624,-2.3410267040838586
95,0.17362978227606485,0.05329151191171875,-0.15075069986752673,2.235981041406881,-0.645287963396238,-3.7058885364709546
96,0.19136065086495055,0.03387212096990853,-0.14929188838997184,2.0319283509011714,-0.27586198313196464,-3.6739862587235734
97,0.17926611545644724,0.08058978833934377,-0.12794717667448366,1.6845848134183568,-0.4123675742512558,-2.8985298534772848
98,0.17195480346923725,0.022562881568707057,-0.16052240379193283,2.8081407691888516,0.22157804339208875,-2.6526976575034107
99,0.19290500835272953,0.005824751657866494,-0.13879792433358734,2.337697155390551,0.339911793625005,-2.9285779306707913
100,0.1783197317667427,0.001581142360120499,-0.14184708053636202,2.711828822714,0.33764051502704856,-4.226946755572505
101,0.1801890982901159,0.01100921129644501,-0.1529086995594163,2.195914301872129,0.49417819878008196,-2.2187463943911307
102,0.17268210541373266,-0.0064494711807401486,-0.14565832240667315,2.297302315700967,0.41199082233107437,-3.183146765866188
103,0.18072529218607322,0.038447967401318804,-0.1627611590950696,2.880228004483744,0.039953882450053095,-4.011273227897378
104,0.18512763895004947,0.05269133435169931,-0.15638552486587143,2.694830803371411,-0.5205017685625499,-3.7605464185646067
105,0.18129053028920344,-0.05671590938880886,-0.15824155172380852,2.3979497743132936,0.8741332294597193,-3.137702873903004
106,0.17921975551667244,0.05939692501603779,-0.1530776183709162,1.9118475522102234,0.002403882521099354,-2.916395279198835
107,0.1847983336483102,0.10466698632563383,-0.15047582197212842,2.195914301872129,-1.1658277365180996,-5.88785345323342
108,0.17667403775041599,0.04630484925106604,-0.14430681525170433,2.628350747952735,-0.10970702177198105,-3.5382486169774174
109,0.18383942059238198,0.06630609230872704,-0.14681578269437795,2.663141414765608,-0.33819715992300264,-2.4655582063863055
110,0.18298302752730694,0.07184092538692337,-0.14590797196237504,1.870701191907157,-0.21348032203584366,-3.7887298812643406
111,0.18227948564495391,0.01523246957660804,-0.16254805816922527,2.800203805988202,0.15191353897808343,-4.00120691297047
112,0.17172240106763512,0.06008071605605988,-0.09742189310287175,1.7053121846090742,-0.11086980345036887,-2.8006554759418054
113,0.02407867016809888,-0.06987762284031793,-0.14922653166529193,1.894832687054081,1.0393833061086912,-0.629763676526593
114,0.17427423796165917,0.016105424006610695,-0.1450649857045827,2.3615928172027356,-0.38426913282253433,-3.6312789168632973
115,0.17265980172527542,0.02692916711959496,-0.1459950063593291,2.271343828748973,0.28276608788631535,-2.3675310475236513
116,0.1881050001535298,0.026857461167068653,-0.16217171366311653,2.7624865511265977,0.49571726076440836,-2.6071904164655004
117,0.18563594953900084,0.00487047966902417,-0.14947535642339063,2.5193336959157153,0.19293967529613879,-2.9968042193839395
118,0.1856527580665257,-0.02940191156034254,-0.164632471617231,2.235981041406881,0.7343345069377301,-1.859861995770366
119,0.1801006870515207,0.03366438109235611,-0.14916556191535182,2.297302315700967,-0.0641481334459929,-3.017074539376125
120,0.18505862450065808,0.05089621660701488,-0.1610549909918612,2.1864178007965487,-0.30469061270089753,-3.1177439046330124
121,0.18553684022451833,0.10458753644567184,-0.1519531098133392,2.2762095833450737,-0.6854471528590681,-3.3695541178557695
122,0.1641856141943524,-0.046586307461018314,-0.16301089550848186,2.2762095833450737,0.4641033377820908,-2.2986292863105184
123,0.1824299042984507,-0.002522404934500683,-0.15913102358924272,2.3270713630876694,0.14914826450334376,-3.87982406397619
124,0.1761156139535138,0.025590156926244112,-0.1520974517019884,2.316649773739669,0.506926489149172,-3.8651603405460704
125,0.18669732948882942,0.031290465513296485,-0.14404154369765973,3.215661915065252,-0.4646319734925035,-3.336562724632996
126,0.18524296879793437,0.06691352289685189,-0.15480501549912049,2.2762095833450737,-0.3248746116011405,-2.221581481344886
127,0.17040192313220323,0.11132372545918494,0.002190807418157882,1.8529748717243746,-0.7030549624068748,-2.7063607713829194
128,0.18578818702928093,0.07975812542749317,-0.16216547573346457,2.195914301872129,-0.41382044953776087,-3.6647353823030473
129,0.18955409497687686,0.07444814431434675,-0.16154060976286708,3.0673376901336034,-0.7300497235856246,-3.5879926581949313
130,0.17467886627453352,0.009349393009866577,-0.1324554052775449,2.2762095833450737,-0.4561358713682422,-4.758585496367562
131,0.19067784722746672,0.06994952208064957,-0.1591195683662255,2.2762095833450737,-0.84670537313605,-3.159459912803238
132,0.18629433831056275,0.042772980063203965,-0.1444840169587488,2.609319579433952,-0.2739102258067268,-3.87982406397619
133,0.18524667511073742,0.0532401753766907,-0.1502315792986709,1.9391880147924334,0.009362947765546173,-2.2986292863105184
134,0.11696784009835484,-0.05682124130277603,-0.1532631255976847,1.8809096143436435,0.647086599122814,-2.8502977126921207
135,0.13901486774913577,0.0013941419002034873,-0.1254403361593399,2.0198342832613583,0.7276029158963104,-1.7011465674377821
136,0.18371036855439818,0.05967680753449071,-0.1399575949074268,2.725065234424328,-0.1738930272810061,-3.1462064112715926
137,0.18606908095094202,0.08051109489826497,-0.1490863175691524,2.195914301872129,-0.8407382136769653,-3.9115467037754725
138,0.17764224121292901,0.05524942692550597,-0.1457195141991965,2.5613975970951093,0.10019781063812426,-3.4466683085204304
139,0.16927488813509103,0.010950265411628142,-0.14551297036885313,2.226591554657436,0.4657427269847256,-2.5883961013406047
140,0.17626361187674183,0.04033983520055151,-0.16089773472552016,1.9011882548171926,-0.503674023011675,-3.533059672699844
141,0.17795711238424028,-0.007624098754329398,-0.15381426686637117,2.608016768999384,0.3108058523979554,-3.37578705228553
142,0.17844832586091638,0.02123143502713325,-0.15828870489972963,2.736857932808135,0.1594422642281697,-5.7968095364455605
143,0.17859225880114618,0.051279079294900685,-0.121146998948746,1.9708591496382943,-1.0304161538317926,-3.819801415661487
144,0.18496109095025356,-0.008404255368305868,-0.14622209282887838,2.8237661384262767,0.5887138679069129,-3.1843214228329644
145,0.18753377361674084,0.07598568283375738,-0.15343736535055003,1.9698793157086725,-0.6731260952805067,-4.381283093100646
146,0.1812362545610962,-0.06882898357264704,-0.15679570999037784,2.822699498869296,1.1272808317158456,-2.7910456368488803
147,0.1787876224689895,-0.028857169203799715,-0.16066670487042914,2.297302315700967,0.13510694895934036,-3.4882369395602555
148,0.17424599865996762,0.030463232456327472,-0.1450760249137257,2.8081407691888516,0.059362771653122426,-5.031034741913789
149,0.18476179791831832,0.031892602582113315,-0.1623927235794831,2.6506170197872327,-0.13727033156483354,-3.518798157135139
150,0.18222832106598086,0.09361497143183735,-0.13679444108873917,1.941483495469743,-0.26388260653736667,-3.87982406397619
151,0.18409287080431136,0.022222282813878582,-0.1454617391415369,2.722400685688551,0.025148732147115296,-3.524313093542359
152,0.17874904921668403,-0.030628378866194045,-0.16255328152239829,2.297302315700967,0.8407435803188849,-2.7207903659053607
153,0.18917454805777403,-0.008298695639640074,-0.15658950279449455,1.9155004149781842,0.36696492923873,-3.6587828174620043
154,0.16525502656384,0.011248307412799587,-0.16140359382324676,2.57821294536878,0.9561676923757554,-3.74756108074875
155,0.1733982456340781,0.05127250359276003,-0.16241542328308314,2.297302315700967,-0.7071151982001057,-3.533059672699844
156,0.18624057957062268,0.0012588178913238144,-0.16528978494328747,2.2762095833450737,0.15161993268234425,-3.8106125981137065
157,0.18057088670307955,0.00557190898249533,-0.15575323610633912,2.609319579433952,0.057057346000402506,-2.491949270773658
158,0.18376660709251394,0.044838538728903164,-0.1510513341075477,2.221686889298807,-0.12427807277648678,-3.5102937853814873
159,0.17827124270413894,0.015104827442557851,-0.16320580618578368,3.1936581664074914,0.8212464649577217,-2.199177965082799
160,0.18544951945182972,0.004968297325442999,-0.15861116946227646,2.212435252048456,0.3470419376487394,-2.8472215690305065
161,0.1868833669729411,0.0881938021573541,-0.13464987842062462,2.297302315700967,-0.34886409568685844,-3.581677119050028
162,0.1725571114808118,0.03888981020502165,-0.13556140539834,1.9118475522102234,-0.28509315119535034,-2.5843460347767597
163,0.186137041668545,0.03305718083315317,-0.14168275077637446,2.800203805988202,0.45126610189514754,-2.8192430561176276
164,0.1804528120409734,0.062386411872035724,-0.13737941841239962,2.5519853519844893,-0.3302636662161988,-3.39986859373183
165,0.17072178387144316,0.06745728651474277,-0.1455931855221794,2.199183100546482,-0.1784242300765722,-2.491949270773658
166,0.1813733839958596,0.05380518588986473,-0.13955108742738495,2.2865618581641733,-0.28239982978646305,-3.452685194519777
167,0.17313993625611812,0.018821175104829484,-0.15663612218467307,2.7028869162778766,0.29070334149579846,-2.8933207788196436
168,0.184701671059593,0.021763194880636244,-0.15627474635325667,2.503730621386965,0.0842578303721644,-2.589410465524514
169,0.16837327929919754,0.013541850110519262,-0.14562337953520962,1.9118475522102234,-0.4223873487761454,-2.7207903659053607
170,0.19027578543090617,-0.006023334260108996,-0.17902166056244492,2.297302315700967,0.6735445953915176,-3.8345962333316517
171,0.17942465023704698,0.02105345277917351,-0.1402597325819316,2.800203805988202,0.7461476034751569,-2.78443659111181
172,0.1816526281283719,-0.014477198979157096,-0.14817283296362188,2.785686491509997,0.9536052949654111,-4.011273227897378
173,0.17911892722142858,0.03463527208482262,-0.1432534159040049,2.245477837076828,0.04318573143292642,-3.515801664801112
174,0.17815431782895522,0.03824926077778287,-0.1607183389541691,2.235981041406881,0.003393833943146962,-2.7910456368488803
175,0.1584596385203964,0.03089002390590043,-0.15739599533385762,2.2660700931947395,0.4846800784230929,-2.2986292863105184
176,0.1887052393243556,-0.0030990241334156077,-0.15442206928453056,2.3558112796592767,0.408148963537943,-3.171082036321396
177,0.17500349659515282,0.050111484131811775,-0.13445849133445203,1.8157606477157882,0.15990863457034832,-3.132234310364965
178,0.17370182726392577,0.013524639134600384,-0.16024582744822183,2.195914301872129,0.3545255059965746,-3.180572138291504
179,0.18465249312066398,0.060232763247548525,-0.1448369507220551,2.2762095833450737,-0.2699939894319727,-3.8220771933766553
180,0.18202100152336634,0.024889309643182752,-0.13925702406169133,2.464303413104809,-0.13254923417345135,-3.3682011006515493
181,0.18299304382450293,0.0123848750947392,-0.16068858955381304,2.226591554657436,0.5146604829595861,-3.5304816287881327
182,0.17386371266429482,-0.028544828516458665,-0.15645085753300353,2.235981041406881,0.9669680536291828,-1.3969392142078871
183,0.17924589654562828,0.004340439875388929,-0.14784665933654437,2.3979497743132936,0.11749341384615845,-4.7764745682079495
184,0.18487894276085234,-0.01960014429448282,-0.14315625667856188,2.9233299255068084,0.8878522911718121,-2.960504094127644
185,0.1833778610761369,0.09388826448384527,-0.15191181113489374,2.195914301872129,-0.31942981453865493,-2.012560301636656
186,0.1750231925476335,0.08062935311841052,-0.11758869397256114,1.7646297109151263,-0.2879324572328072,-3.5304816287881327
187,0.16863135607700597,0.019895158812110274,-0.15754456419183116,2.5193336959157153,0.5740866499442066,-1.3767614823155028
188,0.1754773958611667,0.03701659298074515,-0.15470024276971436,2.235981041406881,-0.30430661704575496,-3.062245262671485
189,0.1762952926694069,-0.010264051788023852,-0.17221125158996353,2.2762095833450737,0.6850328886119217,-2.2986292863105184
190,0.18568052806253668,0.055865359654999565,-0.15230870822064604,1.9609842525987398,-0.7435507887933769,-3.5632473717774467
191,0.18564738257127072,0.07352499426741625,-0.15026545250137174,2.05202346242544,-0.34239262480032406,-2.7512668980801673
192,0.17462549179647444,0.051244998610508234,-0.12451721760958673,1.7160681693059245,0.04014659178023301,-2.988935644829125
193,0.16872550465743175,-0.003888438782039458,-0.14987059949299955,2.271343828748973,0.6494777497866219,-2.2986292863105184
194,0.18278241009846258,0.04161713186214764,-0.1446398624706997,2.1847746061422977,0.33235732432835896,-2.4201818071624324
195,0.17512217861396878,0.02482025525328524,-0.16101433575521912,1.97367610568559,0.5981355625325848,-1.4841779710911818
196,0.1672118050066964,0.09421580108746358,-0.08198460857354367,0.42472944450624933,-1.5664768120295185,-2.491949270773658
197,0.18298846173986982,-0.009942142625165266,-0.15877874779610335,2.2762095833450737,0.07323117723908161,-3.9466642083432246
198,0.18407748131180438,0.025192636211577395,-0.16148680668908358,2.2762095833450737,-0.06797411519655695,-3.2837288849752033
199,0.17014595920340828,0.03655279631796586,-0.14601329304083513,2.3543625493819667,0.01711977028418299,-3.454034557479391
200,0.17411706738330687,3.292378810730957e-06,-0.15465856322892846,2.271343828748973,0.5532010920122917,-3.3695541178557695
201,0.17488229804083852,-0.02406269981702533,-0.16177008327002187,2.7050055231778005,1.0624994398440055,-1.9739229937785272
202,0.17572303591987265,0.04861046897307255,-0.15424408403524184,2.195914301872129,-0.03954190174227879,-2.2986292863105184
203,0.1670017873330224,0.028291360371612576,-0.1600291291707816,2.2660700931947395,-0.05126098302973425,-2.5667194156501454
204,0.16743282073167612,-0.02095220358368739,-0.15717816366340176,2.2660700931947395,0.7565279140618248,-2.3180397066973373
205,0.18567908890543297,0.09019815252795486,-0.1452762320147487,2.0327051007890997,-0.7784083518749276,-2.960504094127644
206,0.18422594109176416,0.006512429280076377,-0.16286624390782856,1.9017542283010722,0.3902756666744423,-2.839405848389381
207,0.18298809578316746,0.032439908935497926,-0.14307965172738552,1.9118475522102234,0.0436155090022128,-2.628701765552707
208,0.18751727735023282,0.03405881289084966,-0.1503226592981608,2.177101716766836,-0.18253143192619423,-3.3436776929329475
209,0.17463452961553097,-0.06166465429850783,-0.1612727659055339,2.4872643609902947,1.2164425426881675,-2.158160845944078
210,0.1805087287079186,0.068867640870395,-0.1482070841127544,2.195914301872129,-0.7273141585449834,-3.960580127511482
211,0.18028929450546285,0.05587968986116793,-0.14765595928058825,1.7247356519677657,-0.2569512118542279,-4.202021497307358
212,0.1844279389777282,0.0407844210147234,-0.1535271528464974,2.699611910086827,-0.2793032989435627,-4.235199393818643
213,0.16930055829207322,-0.03286592766586507,-0.15431426269052237,2.3701127393765824,1.237508785552183,-0.49552119534256717
214,0.1882204693889574,-0.0018729224900801747,-0.15777976976308636,2.496772027828448,0.6149083041868197,-3.5304816287881327
215,0.18329786212430385,0.0728694731590208,-0.1513493951312428,2.2762095833450737,-0.7150185951623932,-3.1834687283308205
216,0.18644176913312346,0.010876896721764312,-0.15184904361745075,2.271343828748973,0.47121252671373703,-2.2986292863105184
217,0.16488714366452353,0.1224228411410178,0.07322438706599241,0.9641267693448389,-0.602898708274508,-2.450823895815583
218,0.186918084304944,0.007447826764850934,-0.14006508843287696,2.235981041406881,-0.1793376758270192,-3.1962627380956916
219,0.18957557689345686,0.10611006338859941,-0.14069618823093424,3.194682929390326,-0.8643394291250569,-3.574884114284141
220,0.16709240571714287,0.0592330972875029,-0.14147646585594573,2.735987294801085,-0.4478895915094341,-3.6039346355187902
221,0.1810057708071147,-0.006022757152781922,-0.16206185368384876,2.0389043021863524,0.8016886090488778,-2.0906239820991583
222,0.17611178922675028,0.020673737474484612,-0.16013559170760444,2.2762095833450737,-0.13214228594020583,-4.366229186022861
223,0.18311213248238453,0.010255468668801953,-0.1481428407646312,1.8996080926795407,0.06571383698525854,-2.9535571715363713
224,0.18148228005987227,0.051700232011452345,-0.15617193677307348,2.271343828748973,-0.20614543457097692,-3.977923361217606
225,0.18446552253559942,-0.010850623554276904,-0.14565323703660893,1.9226444846083397,0.40886011214449575,-3.2486764480978483
226,0.18119982433647233,0.06584363118058792,-0.1408188546119567,3.215661915065252,-0.8359370847048846,-3.515801664801112
227,0.18000882589501122,0.03262482806535724,-0.14685033990045715,2.549844506597615,0.29531882885745925,-3.5451002186903815
228,0.18508642557628902,-0.009016411883139936,-0.15517156412445407,2.297302315700967,0.4096773685856716,-3.0637769298224566
229,0.17630043689408245,0.05474057715135038,-0.16015628777609103,2.3443988044004382,0.3799023342713994,-2.9066930686025816
230,0.18048220242183113,0.032545605806522625,-0.1611139101310538,2.0041226895051474,0.12217784232461093,-2.5655735098947217
231,0.08356936264626479,-0.08050848344392764,-0.15096945178051635,2.6379402401540326,1.4915094500947714,-1.3579993642506605
232,0.17973811884378704,-0.02401840166971889,-0.14642050153269376,2.6747092678446176,0.7367248297435092,-3.967872379445061
233,0.16428798859637242,-0.008782713724270846,-0.15849065029263007,2.2762095833450737,0.9066854542221809,-1.0025132178680238
234,0.18036137792353907,0.00984675344669563,-0.15722385330347804,2.2762095833450737,0.09916715985096564,-2.948435891034285
235,0.18854106212795968,0.06375503760680853,-0.15153475777837008,2.388565812809055,-0.48165583770474896,-2.97905033071605
236,0.17792779333298114,0.047035299732604945,-0.14128653523739093,1.870701191907157,0.09647766953309089,-3.9002262320453887
237,0.18276923356958583,0.07153168385695709,-0.12921181245340457,2.050206474781552,-0.44470927206227184,-4.766630092053026
238,0.184860968681025,-0.0318688985064785,-0.1506702900159264,2.41730417305299,0.4587023439541816,-4.011273227897378
239,0.1882762731505888,0.00021378607477108707,-0.16068266843904255,2.195914301872129,0.0031934203657018267,-3.9802515613402085
240,0.17667005211126197,0.04365961646595829,-0.14131579314825937,2.297302315700967,-0.17199432704471446,-3.0390301068078482
241,0.17888130180224276,0.027549241417213488,-0.1574250500194714,2.316991988628163,0.29495171815989313,-2.737528980365104
242,0.1663320462760891,0.044750388570761364,-0.1406774148531424,2.820739788522155,0.4342741730348658,-2.2986292863105184
243,0.18433154450843367,0.05212856669528908,-0.1514696979030993,1.9118475522102234,0.0867082290923059,-2.6824993614069537
244,0.1866302061130225,0.02561933793203372,-0.15981306122843095,2.3069543186433004,0.08681399123830924,-3.0752596522225897
245,0.18086104150944632,0.04494953677158414,-0.1545826106394463,3.1969493049110778,0.20700659228762672,-4.07811964620422
246,0.17646170135783185,0.06222884420375352,-0.13937539054731324,2.2833080451130656,-0.09747293076145361,-4.05615859013412
247,0.18182443715262672,0.04635702707951423,-0.13708767879733139,2.1223502239778784,-0.5704056258642158,-3.935481899416428
248,0.1838845326718366,-0.007015497126049526,-0.15668456333014136,2.2833080451130656,0.7654378387113255,-2.8194679489804773
249,0.18418117458724256,0.02640846457223328,-0.1464300407190934,1.9391880147924334,0.06488800532613848,-3.3695541178557695
250,0.17337158170795716,-0.021873607923115965,-0.14933671375512111,2.7122949222074486,0.703664715765878,-2.9347147904069746
251,0.1835184334301037,0.06316527560131655,-0.15640228529566286,2.195914301872129,0.06879197599483977,-2.447725172860039
252,0.17686599438609987,-0.05880152095769528,-0.1476528588553641,2.408961621571789,0.9676223994070609,-3.259865546811232
253,0.18858043699216812,0.1204371666716747,-0.1536788703427706,1.9071102952898684,-0.927088448559787,-4.147039276663214
254,0.1828441844075405,0.03930188149652985,-0.10823301201041376,1.9135590479033329,0.4124377390334652,-2.331685439439282
255,0.18637143224591246,-0.02110571024413349,-0.15451773748428582,2.0536314107059996,0.5386366085052652,-3.6004858035539753
256,0.17218111141260053,-0.03131739309907089,-0.159673691046796,2.195914301872129,0.5689992677240019,-2.352197890704704
257,0.18703255413078035,0.0315719319423196,-0.15382052929082252,2.8025177552005913,0.11228639386856942,-3.322760989585862
258,0.18381024120575534,0.021881985540493833,-0.15146030210469902,2.297302315700967,-0.166382172169223,-3.6277490437199083
259,0.1881036195008134,0.0012050873751389183,-0.15797226208861387,2.2762095833450737,0.2232259920663265,-3.1582362135566755
260,0.18635419530808098,0.020219966694852026,-0.16014975824458655,2.1864178007965487,0.2722301964646514,-4.078551320046304
261,0.18543217176240628,0.06126145759003665,-0.15515827201727161,2.0414911009618892,-0.2644737024191969,-3.567133364770701
262,0.1761738973649157,0.018039472812804744,-0.1483016146647803,2.6857923376724258,1.3652624877508257,-0.16763562412886696
263,0.18593879305581848,0.11207397911131205,-0.16139577342284347,2.195914301872129,-0.49004449427649366,-4.5616115270756215
264,0.1843830163504918,-0.007959095705885351,-0.15311111167358663,2.267066905357799,0.43564360348880055,-3.5304816287881327
265,0.18622560743643682,0.060933092026177166,-0.14274541798695284,2.145609410887891,-0.4371306595362206,-3.6293193572676303
266,0.16902630886441575,0.0034967596419565455,-0.14740677142135808,2.4880211170329414,0.0016659807557703132,-4.011273227897378
267,0.17894858468553204,0.016607509723682298,-0.1550101932750137,2.6933992687901656,-0.10263882155049953,-3.574884114284141
268,0.16904141042282345,0.04692733187242551,-0.13983735040312933,1.408389058844948,-0.021569179775888372,-3.1581123939119617
269,0.18050026923073675,0.05315556403153835,-0.16481693744842973,1.8615839387803117,-0.06028767820757212,-1.841846638535841
270,0.17814714079351757,0.041181359235978925,-0.17664925397705758,2.300405933681826,0.1584287985525816,-2.8505810829521128
271,0.17686106262703524,0.0546777753295343,-0.14111051177362144,3.021789684974102,0.09895273628103277,-3.2361622157527057
272,0.18730095376971534,0.009646077462013755,-0.15631808898947275,2.7019680488345967,0.6252789422129781,-1.8590768834282785
273,0.16616034115954528,0.07551179909335565,-0.14255031517803754,3.2024222225479897,-0.10687883752297775,-3.7204692769849106
274,0.1784779716331519,0.03387085734894604,-0.16348537746815023,3.13614485250936,0.27372159795588463,-3.9852014844450596
275,0.17803013136003068,0.01713745598845137,-0.15727193927978061,2.277469520390459,0.46402608448583754,-1.4415418621037557
276,0.16790996810962097,-0.0331369168103335,-0.16383833478786125,2.2762095833450737,0.7949495325535164,-2.2986292863105184
277,0.18157755961194982,-0.0019907364198493197,-0.13135224220915023,2.0595842200789614,0.5148674082472927,-2.431168596656131
278,0.1617976758460611,-0.023860491634262303,-0.13796599311457108,2.297302315700967,0.8877090493492217,-3.0746437061879948
279,0.18078591912536493,0.04632256723457982,-0.16558831101426266,2.2762095833450737,-0.4652496963940565,-4.154003818453621
280,0.18937593374510236,0.019083552150821796,-0.1567394869237897,2.2762095833450737,-0.046525181543871905,-2.867418850138383
281,0.1747822011181105,0.012791715082930134,-0.14644133412877897,3.0081225631044495,0.37760397386459293,-2.916395279198835
282,0.18446321823651785,0.041141429478277355,-0.14868118003945566,2.195914301872129,0.2246896525508654,-3.12659673130315
283,0.18028400967246871,0.09071471527855005,-0.16452155498063395,2.2762095833450737,-0.3421862488761198,-2.491949270773658
284,0.17696497103868922,-0.01772180832336286,-0.15497633988592888,2.281966063053772,0.9442036552271481,-2.5655735098947217
285,0.18649655366044177,0.006546540682209279,-0.1613108079107753,2.2762095833450737,0.2572880985505553,-3.458816651436969
286,0.08357305109453007,-0.04703840918041285,-0.1582247262995487,2.4493455070397405,1.3616581753871098,0.23881548285659057
287,0.19107267202794337,0.08983348118746802,-0.14715440170552152,2.261227533086322,-0.9532621287149593,-3.631762177995586
288,0.18956873114007583,-0.008282453167365637,-0.1423248977334496,2.761188191392966,1.0122107056460186,-0.7828379298696716
289,0.1919349903420335,0.06298371638877075,-0.13534916568736427,2.2762095833450737,-0.1319929065290202,-2.491949270773658
290,0.15957867517767693,0.12155806381997412,0.08353745246227132,1.3269536632044134,0.8906489306742038,0.4543441981439941
291,0.17336698669985243,0.06545921690429268,-0.13498646974222306,1.9011882548171926,-0.592413890489904,-4.056270513912208
292,0.17408127896306547,-0.004129987018054851,-0.14537653837354347,3.1214491084019294,0.6535409595505126,-2.2986292863105184
293,0.16011595762641304,-0.029331174684667033,-0.1623711632823853,2.2762095833450737,0.6479087970062247,-2.5222330790247307
294,0.15708247334235684,0.04330722616040504,-0.14616789014534606,2.8563388769583793,0.20950578771492237,-3.3766017337578837
295,0.16907923834863703,0.036443317664135694,-0.14136794696857288,3.2017655942686147,0.09351647070854441,-3.6838309908634264
296,0.17718111167477438,0.04574934144186771,-0.14824309204560154,1.6539362467394252,0.3834601363001966,-2.258952610965583
297,0.15765504983334136,-0.0161263806008923,-0.1184390853485882,2.127052470246496,0.16490086604887777,-1.3649451065506955
298,0.1569914670821392,0.11587788221968559,0.07900812231099485,0.4543441981439941,-0.42785885884553704,-2.491949270773658
299,0.16140164497861104,0.020859654895754583,-0.11929866967034629,2.2762095833450737,0.3888114256764151,-2.398547150595322
300,0.1820059979585912,0.030023217896264123,-0.13275513526460012,1.9727569273803474,0.08037874773019639,-3.3436776929329475
301,0.18903533949507942,0.05409942497190431,-0.15362497465173852,1.9071102952898684,0.0654420599628168,-2.5667194156501454
302,0.18482233562495987,0.12332432922021196,-0.13909616407759387,2.2762095833450737,-1.0436184530009531,-3.5007047509028024
303,0.17594224252498863,-0.0034983957391636193,-0.14394294209124203,2.2762095833450737,0.5042160488619045,-2.3675310475236513
304,0.17374118053834833,0.001638633974441857,-0.13239571014233145,1.8150228396743582,0.3715977964805093,-3.6004858035539753
305,0.18637217051212798,0.08173924395733809,-0.12095788528849215,1.9870798051952985,-0.2939443545956116,-2.901094852994777
306,0.17120626474803324,0.08371222348586316,-0.14118827867264705,2.8262465939395223,0.4202690407217512,-1.6698965013830407
307,0.1614573237198608,-0.00786739723154703,-0.14880628612628558,2.271343828748973,0.38840003993668026,-2.491949270773658
308,0.16103529592186955,-0.036059051871231707,-0.15180121566334062,2.226591554657436,1.0385030907087969,-1.4785676355044155
309,0.1893331302056528,0.029580871392249252,-0.14264368212861073,1.9609842525987398,-0.018142514068583027,-3.4477837106665734
310,0.18270409851720992,0.016998554803039162,-0.15327827215139242,2.027397489447676,0.0116500450234504,-3.384459990381345
311,0.08118838446893069,0.011043514708465596,-0.06368013767951224,1.8316220063755633,0.6464679045347541,-0.22950694799879579
312,0.1814201164468086,0.07455289679914066,-0.16050793310972222,2.297302315700967,-0.5312266837079844,-2.705168371469338
313,0.18150633875113398,0.03568746516839829,-0.148012973939057,2.5359391167555336,0.14486175994953834,-3.100594400618292
314,0.17327544053170896,-0.05332640612973292,-0.16016296830648,2.7249194668782946,0.7514104557545821,-2.5978331258288065
315,0.17404748986697666,-0.025784532969415033,-0.15428684893410188,1.9609842525987398,0.6081208385586807,-3.4374098522625602
316,0.1818156610658425,0.08215461341905349,-0.16644896448224838,2.195914301872129,-0.6931900887637091,-2.555558085435085
317,0.1865710238998299,0.05074529559772635,-0.14976508861496773,1.8366361965310378,-0.04271391727778575,-2.384191532347055
318,0.16197284532167117,0.04608968987699349,-0.14266989320138204,1.9118475522102234,-0.1866493540681224,-3.567133364770701
319,0.18075417741180602,0.08376425977262804,-0.13622285090335745,2.235981041406881,0.15198610395760512,-2.78443659111181
320,0.18720621708783924,-0.02080239572044235,-0.1439017963422425,2.7751072200923477,0.7901888649121882,-3.6312789168632973
321,0.182414643443476,0.08144927408958098,-0.14593523926447574,1.5299214842820863,-0.6285843091500147,-2.7436792754844
322,0.1817114390175654,0.10754973430502748,-0.14897357223266816,2.271343828748973,-0.6203553576023194,-4.011273227897378
323,0.12901191871871828,-0.0727827039585032,-0.15510100985417294,2.2762095833450737,1.2558848529769377,-1.6444987751815807
324,0.1653237316516106,0.03430301608099279,-0.14474951373661063,2.297302315700967,0.30441123689752764,-1.3579993642506605
325,0.15426270771455705,0.014917529499830166,-0.1520446774757392,2.7478626151990793,0.3375379794798922,-2.491949270773658
326,0.17682374225000458,0.11367798970129757,0.014260246200440911,1.0819277392487099,-0.47442522273363674,-1.9462437032293556
327,0.1752240197157869,0.1043410391657797,-0.12522124402493817,1.2048217187531152,-1.3529650071688197,-3.5632473717774467
328,0.18798707323211214,0.07301856390989413,-0.14746773609160893,2.1130781122137425,-0.9566588551829541,-3.8220771933766553
329,0.18527388721058177,0.057447904396070774,-0.15977921498456052,1.894832687054081,-0.6108913613899589,-4.188397555376058
330,0.18000183538754222,0.04217676887957838,-0.13244069114371987,1.8565255210638454,-0.048803379292767346,-3.3516701429734286
331,0.18137404923119907,0.11255925867548992,-0.09831915101791874,1.3439245061269738,-0.7362472618501673,-3.6022539580249937
332,0.18390101387757443,0.07078358136414767,-0.12956304550397887,1.5862882635829145,-0.913921686374557,-3.2201660654295505
333,0.1840972558245023,0.12521281013264948,0.07587119499965352,0.4543441981439941,-0.9479050291188771,-3.5632473717774467
334,0.1837016990838468,0.038014898019941,-0.15466614257210756,2.226591554657436,0.26177856737079486,-3.0199183239609884
335,-0.09300055847190758,-0.09300055847190758,-0.09300055847190758,1.5457329019170973,1.5457329019170973,1.5457329019170973
336,0.18308592482320626,0.06377047901971375,-0.15849712044973455,2.195914301872129,-0.31511873652585914,-3.7689921147817356
337,0.16521072101524542,0.016490496705607587,-0.15377643986374878,2.800203805988202,0.45964791087208706,-2.52574355055185
338,0.04446292413068275,-0.06941616725218724,-0.15278265580121309,1.9391880147924334,1.474704995569569,0.5761741632230335
339,0.18035907587941247,0.04254219317040412,-0.15103234574123423,2.2313575297124695,-0.24941517531199084,-3.2486764480978483
340,0.17957353241051918,0.05617886018406749,-0.1409831243084644,3.2234040675930116,-0.29060634656212647,-3.4861606759638
341,0.17925932298198888,0.085813952167601,-0.03659798249355856,2.6795988263510226,-0.6360269261510282,-2.491949270773658
342,0.18685375436696636,0.037412761001914485,-0.13705146085676376,2.0611859732300726,0.652426668806254,-1.936787367290905
343,0.15403051534483173,0.028827710672720885,-0.09505292144307377,1.342055722987638,-0.28968770718190845,-2.2305563970285966
344,0.17852356685500959,0.04357877822051196,-0.143458731108371,2.2582552947321144,-0.012937033343560679,-3.1582362135566755
345,0.18020966621669327,0.014782710947970262,-0.1426629682423014,2.257029051639297,0.22175180487009422,-2.5230681226649327
346,0.1710110745502018,0.05570073474079808,-0.1467795184151004,1.9118475522102234,-0.38500272225993065,-2.2986292863105184
347,0.18901871432920914,0.06940693536597017,-0.1471108618402442,2.388565812809055,-0.6103961055798106,-3.826254955311697
348,0.1274891017603628,0.009867414135210473,-0.12801480582300503,2.027643467190898,-0.46220103000427604,-4.341424840513024
349,0.17974069849514307,0.019254157476392017,-0.14345932295914193,1.9071102952898684,-0.007306393183037537,-3.5929593974324487
350,0.18043317880397594,0.026759704397196233,-0.1584928991833414,2.297302315700967,0.27492024874169996,-2.8502977126921207
351,0.1734216753611911,-0.0012803771131295546,-0.14752765455089703,2.713530010536703,0.5245132754698252,-3.2646972883948724
352,0.17954437495597614,0.014515275366514492,-0.13624123634643284,2.254761209379798,0.6325806999289658,-3.001587322900884
353,0.17865399917158548,0.03549684183694402,-0.16369035744340052,2.1864178007965487,-0.041111393281510734,-4.078551320046304
354,0.08937960660472567,-0.02757438018553996,-0.1445283669758056,0.4543441981439941,-0.26523780987822,-0.9848198179004342
355,0.18886671163303256,0.020631146527180566,-0.15776579776875552,2.235981041406881,0.46138440650153506,-3.183146765866188
356,0.1826883222242245,0.11659221934079457,-0.1388365847156711,2.388565812809055,-0.9700010722214792,-3.6135861034819783
357,0.19142078130975307,0.08206857901311825,-0.15564739162414987,2.195914301872129,-0.5220093587433153,-3.6723969002400167
358,0.17838060592082924,0.008179107031284879,-0.15930378393384637,1.9206699776557643,0.009111318824238414,-3.826254955311697
359,0.18214043431914434,0.018412776501486282,-0.1648304992445122,2.6673087351719516,-0.4306932504712641,-4.078551320046304
360,0.1832746030526301,-0.022408214327397338,-0.1639572346048417,2.3593097963741045,0.8894812584393055,-1.6754773643342868
361,0.17948872245448785,-0.029598417399854648,-0.14158798963380853,2.609319579433952,0.5281443570866088,-2.661505626764746
362,0.1676069595239825,-0.043980226727711125,-0.15487359841864384,2.297302315700967,0.6915625144460202,-1.841846638535841
363,0.18166555879539778,-0.012494945776420806,-0.15042321198744726,2.297302315700967,0.8355599686704748,-2.3898756602684417
364,0.18393928272293059,0.01471195985107736,-0.14827595766292137,3.6212311713455394,0.472694682638557,-2.552368893261639
365,0.1814059558743583,0.020144859740818154,-0.13997654641911553,2.609319579433952,-0.08266181713450216,-4.0484203725631005
366,0.17916011343693766,-0.012313178943386531,-0.1597286910929154,3.0768670557730164,1.0102457059159593,-3.3284424689251537
367,0.17701830132019875,0.06719440788214275,-0.07944072361361276,2.2762095833450737,-0.795895839993646,-3.553214027355027
368,0.1885737696049548,-0.013930510250552296,-0.13794494598574142,2.800203805988202,0.5468952533748557,-2.8680403692565553
369,0.18049042198960386,0.06176266840538947,-0.11788270190096642,1.4226211670802926,-0.3595535746802488,-2.491949270773658
370,0.18335537228109913,0.041243854614736584,-0.1372333134371009,1.4089655845212377,-0.17081210746345615,-1.6698965013830407
371,0.1789620919247692,0.058774049571385434,-0.13983069896261507,2.800203805988202,0.05729224744881486,-3.8989571444221363
372,0.18325371125949538,0.00820716647850114,-0.16270495383104466,2.2762095833450737,0.2828845684831103,-2.2986292863105184
373,0.228318698829667,0.16591654443138015,0.0753885791750283,-1.4472585419979054,-2.140113248582483,-2.5765418816886116
374,0.1821385210776901,0.014140570833709709,-0.1599932952018989,2.2833080451130656,0.12778312196602734,-3.457815920960329
375,0.17612847453869865,-0.035822175135137406,-0.16250255320779317,2.2762095833450737,0.6070512731817241,-4.081251614262281
376,0.19049246210719736,0.04198133205715402,-0.1568488673253251,2.9282277792623117,0.16292465205742956,-3.39986859373183
377,0.18083045460524735,0.08262508731850877,-0.12715612907932783,1.165672803908551,-0.5713893467830987,-3.9129043172614275
378,0.17107600798799752,0.050408494105311695,-0.13910560724685167,4.618393595517538,0.3632913396275231,-2.552368893261639
379,0.18670869661774567,0.16189939591107066,0.11509898324292937,-0.9856859701191136,-2.1224943592586394,-2.665503939469573
380,0.17928818063933222,0.06047667838877345,-0.1254716029727178,1.6855356725927262,-0.5429476250817642,-2.8502977126921207
381,0.17708342238815628,0.022372279064541534,-0.12978304837379978,1.9393703908234856,0.5190224428285257,-1.7539237183043659
382,0.1771538748591634,0.11513916656313694,-0.035691287034880385,1.8150228396743582,-1.6808045089700185,-4.9310275795186795
383,0.18037354577495612,0.09378071346019144,-0.14059572654701089,2.6594876271075196,-inf,-inf
384,0.19062972657018776,0.06149182444398713,-0.15470851237502392,1.9071102952898684,-0.39561881986336783,-2.948825803075288
385,0.17628270207336322,0.10703458010739789,-0.11221348783400642,1.8635243729855064,-1.601908617186697,-3.004356753757474
386,0.18633990768618974,0.13074650979028377,-0.11807987929370647,1.8493789007577104,-1.6008088835060106,-2.8486637025111126
387,0.19015080152023744,0.05683203207224769,-0.14831010474141443,2.1864178007965487,0.03472270963265104,-4.10097088345756
388,0.17523652177154186,0.13201661336679285,0.049476266917317185,-0.3776544583921858,-1.8720524063334305,-3.0086656439399158
389,0.21139773986989563,0.12576856686223928,-0.058965935870268396,1.587590967754746,-1.7614801273110716,-3.604510339825167
390,0.18477176254193214,0.0696859005090538,-0.15997396692720206,2.423555405713579,-inf,-inf
391,0.16852410442367494,0.04810187689322398,-0.15387922418708858,2.195914301872129,-0.21206678932590334,-4.05615859013412
392,0.16583527987209648,0.16248261815357676,0.15605037803339916,-1.264581910384979,-1.8899132956842681,-2.4305320956130885
393,0.1826459528602444,0.06842402785542478,-0.14087196927029205,3.215661915065252,-0.39000832102196625,-2.5667194156501454
394,0.19712740181890626,0.13009767195906735,-0.1501387920594182,2.2762095833450737,-1.6276257950221755,-3.940394426927622
395,0.19738716410136337,0.13154435995788877,-0.12484695545401972,1.0790845057951257,-1.3371860074603936,-2.550286901823837
396,0.17007810823643627,-0.019845767777428178,-0.15678004756542666,2.271343828748973,0.6182851695229427,-3.45515391628741
397,0.18905902675491157,0.016410408271003617,-0.16106676107589926,2.486788483595146,0.586619632196344,-3.315597920677705
398,0.18681869115807553,0.1105575419334202,-0.12634075157451666,2.0628104029613197,-1.412743896897776,-3.2586203654025354
399,0.17599110246521987,-0.0017811596486120539,-0.16390768347340368,2.271343828748973,0.7928035971905221,-3.610913253681437
