open,high,low,close,volume,datetime
275.42,279.89,275.0001,276.57,267048,2015-12-31 06:00:00
271.16,272.15,268.99,271.71,477420,2016-01-04 06:00:00
272.45,275.94,271.4,274.05,362952,2016-01-05 06:00:00
271.32,274.6,269.18,270.18,515087,2016-01-06 06:00:00
266.94,269.98,261.535,262.03,605062,2016-01-07 06:00:00
263.02,264.37,256.75,257.01,583652,2016-01-08 06:00:00
257.27,258.02,250.98,253.12,824913,2016-01-11 06:00:00
255.64,258.19,251.67,257.29,457562,2016-01-12 06:00:00
258.69,258.69,247.71,248.59,496056,2016-01-13 06:00:00
249.05,258.03,247.21,256.24,825013,2016-01-14 06:00:00
247.21,256.23,247.21,251.28,747696,2016-01-15 06:00:00
255.21,257.05,248.49,251.97,777972,2016-01-19 06:00:00
247.22,249.085,237.1,246.97,719228,2016-01-20 06:00:00
247.01,252.96,245.71,248.81,509914,2016-01-21 06:00:00
252.6,254.41,247.7005,249.22,647036,2016-01-22 06:00:00
248.58,249.67,244.6,245.39,488555,2016-01-25 06:00:00
246.05,250.82,243.615,249.6,930892,2016-01-26 06:00:00
249.14,253.07,245.64,246.8,757750,2016-01-27 06:00:00
226.1,231.4,197.83,199.0,3380871,2016-01-28 06:00:00
199.55,215.79,199.09,199.79,2661791,2016-01-29 06:00:00
200.0,209.34,198.86,206.56,1502809,2016-02-01 06:00:00
203.73,203.83,192.78,194.29,1658117,2016-02-02 06:00:00
196.23,196.84,190.07,194.7,1429250,2016-02-03 06:00:00
193.48,198.96,192.0,197.41,1164254,2016-02-04 06:00:00
196.9,198.76,184.67,187.22,1844189,2016-02-05 06:00:00
181.44,185.06,180.41,183.74,1792249,2016-02-08 06:00:00
181.21,182.84,176.63,177.12,1685809,2016-02-09 06:00:00
178.94,185.41,178.35,182.1,967364,2016-02-10 06:00:00
178.22,182.91,177.26,180.45,777573,2016-02-11 06:00:00
183.13,184.73,181.33,182.65,674882,2016-02-12 06:00:00
183.84,189.878,183.52,187.49,1145117,2016-02-16 06:00:00
188.85,194.39,187.815,192.41,789377,2016-02-17 06:00:00
195.05,201.63,195.0,197.43,863952,2016-02-18 06:00:00
197.34,204.49,195.0,204.36,1018947,2016-02-19 06:00:00
205.57,214.5,205.57,210.89,974894,2016-02-22 06:00:00
209.0,213.77,206.37,206.46,771288,2016-02-23 06:00:00
205.42,211.46,203.0,210.76,561988,2016-02-24 06:00:00
211.34,212.7,208.69,212.6,575592,2016-02-25 06:00:00
213.05,215.94,211.99,212.69,616017,2016-02-26 06:00:00
213.37,214.51,210.01,210.13,721843,2016-02-29 06:00:00
212.23,213.66,209.01,213.51,986286,2016-03-01 06:00:00
212.56,215.29,210.75,214.35,831361,2016-03-02 06:00:00
215.22,218.6899,213.709,216.88,596819,2016-03-03 06:00:00
218.14,218.85,214.65,216.22,641401,2016-03-04 06:00:00
214.42,220.31,214.42,219.96,900732,2016-03-07 06:00:00
218.27,219.73,212.29,212.64,789939,2016-03-08 06:00:00
213.95,213.95,209.89,213.19,645628,2016-03-09 06:00:00
213.26,214.69,206.73,208.06,760838,2016-03-10 06:00:00
211.31,211.87,208.0001,211.6,941025,2016-03-11 06:00:00
215.62,216.64,210.48,214.87,759370,2016-03-14 05:00:00
212.72,217.11,208.74,210.7,820978,2016-03-15 05:00:00
208.91,209.86,204.75,207.34,1226310,2016-03-16 05:00:00
207.99,208.88,204.86,205.56,1361733,2016-03-17 05:00:00
206.0,209.33,203.04,208.7,1763742,2016-03-18 05:00:00
209.08,212.01,207.32,210.3,629273,2016-03-21 05:00:00
208.7,210.62,207.43,210.32,657958,2016-03-22 05:00:00
210.56,213.095,209.45,209.8,601994,2016-03-23 05:00:00
209.42,212.35,207.11,211.77,550307,2016-03-24 05:00:00
212.64,213.095,209.45,211.04,443217,2016-03-28 05:00:00
210.1,213.358,209.28,212.77,623825,2016-03-29 05:00:00
214.42,218.0,214.25,215.96,677566,2016-03-30 05:00:00
215.32,220.63,213.88,220.0,894808,2016-03-31 05:00:00
218.69,221.82,216.5,221.12,506963,2016-04-01 05:00:00
221.2,221.58,214.54,214.71,610732,2016-04-04 05:00:00
212.08,212.16,207.64,210.0,1002877,2016-04-05 05:00:00
210.98,214.66,209.28,214.46,644549,2016-04-06 05:00:00
212.23,216.0,210.58,212.43,812714,2016-04-07 05:00:00
213.43,215.78,212.5,215.27,634053,2016-04-08 05:00:00
215.3,216.42,206.39,206.7,836641,2016-04-11 05:00:00
207.05,209.16,199.78,204.4,1159976,2016-04-12 05:00:00
206.16,215.52,204.8401,215.14,950534,2016-04-13 05:00:00
213.5,216.51,212.3,214.48,888200,2016-04-14 05:00:00
215.11,215.94,213.715,214.77,447395,2016-04-15 05:00:00
213.5,215.58,212.65,215.0,593941,2016-04-18 05:00:00
215.01,216.4599,208.23,211.62,864858,2016-04-19 05:00:00
212.96,218.84,211.3,217.92,1205106,2016-04-20 05:00:00
202.09,205.87,197.96,202.6,2963091,2016-04-21 05:00:00
202.33,207.07,201.61,205.99,1212741,2016-04-22 05:00:00
204.66,205.3,202.545,203.9,806325,2016-04-25 05:00:00
202.49,204.24,201.02,201.68,668389,2016-04-26 05:00:00
201.18,203.78,200.75,202.92,1094410,2016-04-27 05:00:00
202.92,203.44,200.08,201.2,1265246,2016-04-28 05:00:00
200.95,203.65,200.14,203.31,775929,2016-04-29 05:00:00
203.64,204.49,201.04,202.82,671056,2016-05-02 05:00:00
201.81,202.3,200.42,201.1,784467,2016-05-03 05:00:00
200.0,201.15,199.06,200.75,973728,2016-05-04 05:00:00
201.0,202.52,199.96,200.24,634849,2016-05-05 05:00:00
199.87,204.04,199.78,203.86,756068,2016-05-06 05:00:00
203.92,204.35,202.41,203.3,714479,2016-05-09 05:00:00
203.56,206.71,203.56,204.39,484742,2016-05-10 05:00:00
204.26,206.11,203.0,204.6,962461,2016-05-11 05:00:00
205.1,205.53,200.37,202.08,1217332,2016-05-12 05:00:00
202.5,204.21,200.66,201.57,593210,2016-05-13 05:00:00
201.08,205.48,200.83,205.04,482149,2016-05-16 05:00:00
204.96,213.0,203.97,210.84,1131154,2016-05-17 05:00:00
210.84,214.7,208.647,212.63,893043,2016-05-18 05:00:00
211.02,211.518,205.21,205.44,886283,2016-05-19 05:00:00
206.7,207.29,205.24,206.41,538277,2016-05-20 05:00:00
205.54,207.067,203.64,205.28,427537,2016-05-23 05:00:00
206.18,209.95,206.04,209.68,311578,2016-05-24 05:00:00
210.1,213.79,210.1,212.84,530024,2016-05-25 05:00:00
212.66,214.115,210.23,212.05,422492,2016-05-26 05:00:00
211.98,216.86,211.5,215.06,418436,2016-05-27 05:00:00
215.91,223.03,213.615,222.19,1102278,2016-05-31 05:00:00
221.7,223.71,218.92,222.62,595432,2016-06-01 05:00:00
222.46,224.82,221.02,224.49,704167,2016-06-02 05:00:00
223.48,224.39,221.05,223.6,536229,2016-06-03 05:00:00
223.61,227.337,221.39,226.45,370993,2016-06-06 05:00:00
226.6,226.75,223.75,225.61,378499,2016-06-07 05:00:00
225.73,227.0,222.52,223.79,482644,2016-06-08 05:00:00
223.42,224.24,222.05,222.61,436732,2016-06-09 05:00:00
220.73,221.3,214.855,215.6,666728,2016-06-10 05:00:00
215.21,218.15,212.82,212.93,601180,2016-06-13 05:00:00
210.49,211.0,203.22,208.98,1451428,2016-06-14 05:00:00
208.98,209.84,203.0003,207.95,921413,2016-06-15 05:00:00
207.36,207.742,201.9903,206.55,602005,2016-06-16 05:00:00
207.04,208.13,205.45,207.22,1237566,2016-06-17 05:00:00
210.02,210.45,200.38,200.8,1453687,2016-06-20 05:00:00
200.16,201.64,194.15,200.01,2060596,2016-06-21 05:00:00
199.71,201.58,199.33,200.0,802826,2016-06-22 05:00:00
201.46,202.41,200.69,201.61,549749,2016-06-23 05:00:00
192.71,197.47,192.0,193.14,1111658,2016-06-24 05:00:00
191.61,193.22,185.02,186.4,1777266,2016-06-27 05:00:00
187.96,189.76,186.57,187.46,1124111,2016-06-28 05:00:00
188.91,194.18,188.61,193.82,908486,2016-06-29 05:00:00
194.4,195.97,190.02,195.92,1079233,2016-06-30 05:00:00
196.01,197.11,194.28,195.8,690345,2016-07-01 05:00:00
193.76,194.19,192.16,193.68,835481,2016-07-05 05:00:00
192.7,197.11,191.59,195.61,1137204,2016-07-06 05:00:00
195.68,199.91,195.41,197.23,968969,2016-07-07 05:00:00
199.29,203.13,198.83,200.96,882584,2016-07-08 05:00:00
207.3,217.2,207.05,210.39,1485627,2016-07-11 05:00:00
212.64,215.57,211.98,213.17,671256,2016-07-12 05:00:00
214.24,214.69,208.71,209.43,701603,2016-07-13 05:00:00
211.04,213.23,210.06,212.51,556442,2016-07-14 05:00:00
213.3,213.64,210.09,213.17,653667,2016-07-15 05:00:00
211.45,212.71,209.03,211.3,774212,2016-07-18 05:00:00
211.25,214.77,209.84,214.41,698411,2016-07-19 05:00:00
215.0,215.48,210.53,215.02,1077018,2016-07-20 05:00:00
229.01,239.719,219.7,228.85,1841065,2016-07-21 05:00:00
228.2,234.38,225.477,231.08,743812,2016-07-22 05:00:00
231.19,233.35,229.39,230.38,635639,2016-07-25 05:00:00
230.65,233.7,229.55,233.0,641863,2016-07-26 05:00:00
233.46,235.57,231.92,233.47,740239,2016-07-27 05:00:00
233.5,234.83,231.16,233.84,601789,2016-07-28 05:00:00
233.1,233.98,229.04,231.62,655201,2016-07-29 05:00:00
231.89,231.98,226.57,228.13,831406,2016-08-01 05:00:00
226.15,228.07,220.89,222.59,858837,2016-08-02 05:00:00
221.68,223.1,220.59,222.32,507695,2016-08-03 05:00:00
221.97,222.8339,216.6,219.3,676587,2016-08-04 05:00:00
221.33,225.26,221.1494,222.37,455000,2016-08-05 05:00:00
222.79,224.525,221.8401,222.91,460807,2016-08-08 05:00:00
222.91,223.905,219.06,220.4,370029,2016-08-09 05:00:00
221.76,221.76,217.03,218.74,348479,2016-08-10 05:00:00
219.1,221.72,218.65,219.94,332646,2016-08-11 05:00:00
218.67,220.81,217.42,219.03,369082,2016-08-12 05:00:00
216.85,217.1,212.05,215.07,877664,2016-08-15 05:00:00
213.71,215.62,210.42,211.85,552828,2016-08-16 05:00:00
208.7,209.0,200.785,203.71,1493990,2016-08-17 05:00:00
203.0,204.3,199.92,202.31,1594531,2016-08-18 05:00:00
200.95,200.95,193.67,200.14,3181858,2016-08-19 05:00:00
198.66,201.31,197.68,200.54,1058104,2016-08-22 05:00:00
201.6,201.99,199.48,201.53,836132,2016-08-23 05:00:00
201.31,201.75,197.7,198.22,831296,2016-08-24 05:00:00
199.4,201.98,199.02,200.36,678895,2016-08-25 05:00:00
200.19,202.04,196.4,198.65,852131,2016-08-26 05:00:00
199.13,200.55,197.51,198.81,446163,2016-08-29 05:00:00
199.18,200.85,197.92,200.7,612713,2016-08-30 05:00:00
199.96,204.94,199.09,204.58,889543,2016-08-31 05:00:00
204.64,210.19,203.2,210.19,1366130,2016-09-01 05:00:00
210.96,213.76,208.32,209.9,588816,2016-09-02 05:00:00
210.0,214.09,209.49,213.08,847848,2016-09-06 05:00:00
212.83,216.08,212.37,215.7,710358,2016-09-07 05:00:00
215.34,219.22,214.76,217.26,763921,2016-09-08 05:00:00
214.49,215.89,208.62,208.66,730117,2016-09-09 05:00:00
207.27,217.34,206.8301,216.49,884327,2016-09-12 05:00:00
215.98,219.985,211.92,213.41,891222,2016-09-13 05:00:00
213.52,216.72,212.18,213.21,554234,2016-09-14 05:00:00
212.36,216.85,211.52,215.4,500943,2016-09-15 05:00:00
213.79,215.44,211.67,214.48,633715,2016-09-16 05:00:00
215.76,218.64,215.2044,216.04,414527,2016-09-19 05:00:00
216.86,217.7195,211.85,213.74,593980,2016-09-20 05:00:00
215.04,216.86,213.021,215.63,471862,2016-09-21 05:00:00
216.26,218.602,215.26,218.06,438741,2016-09-22 05:00:00
216.28,218.49,216.036,216.99,306368,2016-09-23 05:00:00
213.37,213.37,208.82,211.44,748729,2016-09-26 05:00:00
212.05,214.61,210.1,213.47,485538,2016-09-27 05:00:00
213.09,216.07,212.75,214.21,623784,2016-09-28 05:00:00
213.78,216.07,212.15,212.95,523035,2016-09-29 05:00:00
213.0,215.89,210.86,214.53,659867,2016-09-30 05:00:00
214.53,219.16,213.5,216.9,531572,2016-10-03 05:00:00
217.62,218.83,211.85,212.71,458561,2016-10-04 05:00:00
214.56,217.34,213.14,216.28,453157,2016-10-05 05:00:00
215.12,215.68,212.16,214.05,419566,2016-10-06 05:00:00
214.75,214.95,207.94,208.93,610399,2016-10-07 05:00:00
209.33,212.03,208.21,208.78,489025,2016-10-10 05:00:00
209.18,209.965,205.735,208.25,483390,2016-10-11 05:00:00
209.13,209.88,207.49,208.27,340379,2016-10-12 05:00:00
206.96,207.97,204.5942,206.84,332844,2016-10-13 05:00:00
208.16,210.335,206.5,209.77,436529,2016-10-14 05:00:00
210.8,213.37,206.22,206.45,506805,2016-10-17 05:00:00
207.11,211.64,206.825,211.07,461167,2016-10-18 05:00:00
212.45,215.61,211.01,214.78,802718,2016-10-19 05:00:00
215.74,215.74,201.8,204.77,1699635,2016-10-20 05:00:00
203.39,204.71,197.69,199.95,1242058,2016-10-21 05:00:00
202.41,207.1,201.79,206.49,831709,2016-10-24 05:00:00
205.76,206.4024,201.33,203.9,656942,2016-10-25 05:00:00
203.28,205.57,202.52,202.88,418019,2016-10-26 05:00:00
204.39,204.39,200.721,202.56,532974,2016-10-27 05:00:00
203.5,205.15,201.79,203.83,470525,2016-10-28 05:00:00
204.64,205.02,202.47,204.47,804663,2016-10-31 05:00:00
204.74,205.62,199.83,201.74,461461,2016-11-01 05:00:00
202.06,202.06,199.35,200.03,458039,2016-11-02 05:00:00
200.28,201.67,199.6901,200.05,375863,2016-11-03 05:00:00
199.5,201.94,198.88,199.8,471633,2016-11-04 05:00:00
201.98,204.825,200.115,203.79,304038,2016-11-07 06:00:00
202.58,203.72,198.93,201.55,474114,2016-11-08 06:00:00
199.55,209.839,198.06,207.32,793637,2016-11-09 06:00:00
208.86,210.78,204.85,209.79,779665,2016-11-10 06:00:00
209.23,213.53,208.58,211.72,781579,2016-11-11 06:00:00
213.52,213.58,206.41,210.8,756358,2016-11-14 06:00:00
211.19,212.0,207.27,210.14,580090,2016-11-15 06:00:00
209.11,211.54,208.69,210.71,369877,2016-11-16 06:00:00
212.04,217.85,211.03,217.55,706017,2016-11-17 06:00:00
217.92,218.88,214.77,217.6,619817,2016-11-18 06:00:00
217.76,228.99,217.76,228.66,1263785,2016-11-21 06:00:00
228.52,233.63,227.12,233.12,944909,2016-11-22 06:00:00
232.77,235.3,230.705,235.05,726065,2016-11-23 06:00:00
235.3,235.86,233.05,234.69,192892,2016-11-25 06:00:00
234.72,234.87,230.0,232.04,752298,2016-11-28 06:00:00
232.84,233.21,228.4,228.71,482782,2016-11-29 06:00:00
229.59,231.4675,227.53,228.78,677951,2016-11-30 06:00:00
229.09,229.38,226.21,228.18,635503,2016-12-01 06:00:00
219.74,224.98,215.81,218.71,957391,2016-12-02 06:00:00
219.95,225.3,219.25,223.39,681503,2016-12-05 06:00:00
223.97,227.26,221.78,227.16,554234,2016-12-06 06:00:00
227.1,234.02,225.92,233.5,636168,2016-12-07 06:00:00
234.17,241.69,231.8064,239.87,738642,2016-12-08 06:00:00
237.12,237.32,226.56,232.2,932751,2016-12-09 06:00:00
232.25,234.6,228.96,230.6,431737,2016-12-12 06:00:00
232.32,233.0,228.54,232.68,431835,2016-12-13 06:00:00
232.92,234.89,228.37,229.99,574026,2016-12-14 06:00:00
229.81,233.55,227.01,231.38,508426,2016-12-15 06:00:00
231.49,231.91,227.83,228.83,813956,2016-12-16 06:00:00
228.96,233.44,228.83,230.96,462359,2016-12-19 06:00:00
232.37,232.77,229.141,231.34,277772,2016-12-20 06:00:00
232.17,235.78,230.635,233.68,333222,2016-12-21 06:00:00
234.55,234.55,229.7,231.66,382312,2016-12-22 06:00:00
232.0,233.94,231.83,233.64,287563,2016-12-23 06:00:00
233.43,235.69,233.03,233.71,226721,2016-12-27 06:00:00
234.0,234.0,227.47,228.57,617015,2016-12-28 06:00:00
229.68,231.185,227.82,229.25,418214,2016-12-29 06:00:00
229.83,230.46,227.39,228.5,338723,2016-12-30 06:00:00
231.19,233.14,229.49,233.01,469365,2017-01-03 06:00:00
235.28,238.31,232.11,237.78,511845,2017-01-04 06:00:00
236.28,238.295,234.03,235.82,433053,2017-01-05 06:00:00
235.55,237.72,234.01,236.32,507210,2017-01-06 06:00:00
236.85,238.41,235.1,237.59,461184,2017-01-09 06:00:00
237.5,238.66,234.44,235.26,567572,2017-01-10 06:00:00
235.39,236.05,231.94,234.6,654454,2017-01-11 06:00:00
233.37,236.04,232.32,235.67,301448,2017-01-12 06:00:00
235.83,238.29,235.47,237.55,413243,2017-01-13 06:00:00
236.29,236.6,228.531,230.0,958593,2017-01-17 06:00:00
230.07,232.48,229.885,231.62,427626,2017-01-18 06:00:00
232.41,232.86,229.69,230.22,374562,2017-01-19 06:00:00
231.6,231.6,229.22,230.55,551727,2017-01-20 06:00:00
230.58,230.9899,227.61,228.55,667743,2017-01-23 06:00:00
227.61,228.09,223.48,226.21,695240,2017-01-24 06:00:00
227.49,230.54,226.05,227.26,722093,2017-01-25 06:00:00
220.0,226.75,214.68,221.7,1861583,2017-01-26 06:00:00
223.51,225.55,220.16,222.35,638816,2017-01-27 06:00:00
221.78,228.53,221.45,228.18,699514,2017-01-30 06:00:00
227.26,230.51,226.43,228.38,656981,2017-01-31 06:00:00
229.17,230.4,228.15,230.39,594786,2017-02-01 06:00:00
229.3,229.91,225.52,225.98,668953,2017-02-02 06:00:00
227.38,229.58,227.38,228.14,464281,2017-02-03 06:00:00
228.1,229.74,225.671,226.49,475929,2017-02-06 06:00:00
226.11,227.66,224.715,225.11,594517,2017-02-07 06:00:00
225.15,228.11,224.83,225.76,609327,2017-02-08 06:00:00
225.89,229.94,225.89,228.64,496302,2017-02-09 06:00:00
228.64,228.64,224.38,227.03,464094,2017-02-10 06:00:00
227.94,229.27,227.54,227.81,393448,2017-02-13 06:00:00
226.79,230.54,226.48,229.39,660708,2017-02-14 06:00:00
228.8,231.34,227.56,230.57,324898,2017-02-15 06:00:00
231.49,231.955,229.9361,231.41,363305,2017-02-16 06:00:00
231.18,235.14,230.24,235.04,714115,2017-02-17 06:00:00
234.48,239.91,230.88,239.46,640717,2017-02-21 06:00:00
238.16,241.41,236.38,239.87,440660,2017-02-22 06:00:00
240.59,243.52,239.28,242.42,653374,2017-02-23 06:00:00
242.0,245.11,239.82,244.81,762306,2017-02-24 06:00:00
244.81,247.48,243.84,246.77,736075,2017-02-27 06:00:00
247.13,247.16,242.16,242.98,922712,2017-02-28 06:00:00
244.66,249.22,243.39,247.62,621969,2017-03-01 06:00:00
247.74,248.76,243.69,243.94,468360,2017-03-02 06:00:00
243.39,245.42,242.02,244.63,778764,2017-03-03 06:00:00
242.58,246.62,240.64,245.45,514355,2017-03-06 06:00:00
245.8,245.93,243.54,245.05,343477,2017-03-07 06:00:00
246.09,248.81,244.59,246.19,391816,2017-03-08 06:00:00
246.4,248.61,245.3,247.93,382580,2017-03-09 06:00:00
249.0,251.19,247.11,248.2,495277,2017-03-10 06:00:00
248.78,249.94,247.44,247.82,298185,2017-03-13 05:00:00
246.54,246.97,244.185,245.53,593515,2017-03-14 05:00:00
246.39,246.8531,241.49,245.55,774142,2017-03-15 05:00:00
246.18,246.79,243.6,245.09,389537,2017-03-16 05:00:00
245.6,246.67,244.37,245.01,685888,2017-03-17 05:00:00
245.52,246.02,243.4,244.54,504090,2017-03-20 05:00:00
244.86,246.04,239.01,239.29,693559,2017-03-21 05:00:00
239.45,242.24,239.011,240.87,333070,2017-03-22 05:00:00
240.9,244.78,240.65,242.92,372155,2017-03-23 05:00:00
244.22,245.7,242.045,243.79,341366,2017-03-24 05:00:00
241.41,244.33,238.6,243.43,617578,2017-03-27 05:00:00
242.99,245.54,242.57,244.7,502212,2017-03-28 05:00:00
244.58,245.64,243.49,245.33,272262,2017-03-29 05:00:00
245.33,249.43,244.71,248.88,455949,2017-03-30 05:00:00
248.76,250.0,247.925,249.0,500234,2017-03-31 05:00:00
249.75,251.26,247.23,250.33,732673,2017-04-03 05:00:00
249.2,253.3,248.96,250.97,968393,2017-04-04 05:00:00
251.99,254.94,249.7803,250.26,629920,2017-04-05 05:00:00
250.96,254.72,250.1,253.36,422166,2017-04-06 05:00:00
252.2,254.2,250.86,251.04,551026,2017-04-07 05:00:00
250.31,252.16,247.35,247.66,607484,2017-04-10 05:00:00
245.01,246.43,235.09,238.34,1828414,2017-04-11 05:00:00
238.34,241.43,238.27,238.9,677049,2017-04-12 05:00:00
238.62,238.98,234.78,234.91,484533,2017-04-13 05:00:00
236.58,239.86,235.47,238.51,591759,2017-04-17 05:00:00
237.96,239.98,236.71,238.0,497338,2017-04-18 05:00:00
238.72,241.22,236.22,240.64,799549,2017-04-19 05:00:00
251.95,263.4,248.42,260.62,1399787,2017-04-20 05:00:00
261.0,266.25,258.48,259.51,1091243,2017-04-21 05:00:00
263.65,263.95,260.61,260.87,756375,2017-04-24 05:00:00
261.45,264.23,261.28,263.01,477971,2017-04-25 05:00:00
262.92,263.72,261.59,262.33,358753,2017-04-26 05:00:00
262.84,262.84,260.065,260.54,408726,2017-04-27 05:00:00
259.23,259.5,243.64,249.63,1836647,2017-04-28 05:00:00
249.97,254.16,248.52,253.48,691795,2017-05-01 05:00:00
253.18,255.98,251.76,255.9,697874,2017-05-02 05:00:00
255.64,255.6717,251.39,254.27,1046725,2017-05-03 05:00:00
256.33,257.13,253.27,253.68,500543,2017-05-04 05:00:00
254.59,255.52,252.07,255.49,360422,2017-05-05 05:00:00
254.93,257.91,253.78,257.36,501926,2017-05-08 05:00:00
257.68,261.23,257.45,260.21,399652,2017-05-09 05:00:00
258.96,260.96,258.43,258.56,418972,2017-05-10 05:00:00
256.61,256.75,249.08,251.1,722268,2017-05-11 05:00:00
250.25,251.15,242.73,243.47,904763,2017-05-12 05:00:00
242.9,246.1,238.83,244.85,878023,2017-05-15 05:00:00
245.71,247.72,244.29,245.06,488648,2017-05-16 05:00:00
241.74,242.63,236.66,238.19,647818,2017-05-17 05:00:00
237.05,238.53,232.81,234.66,753331,2017-05-18 05:00:00
235.29,236.14,234.43,235.17,588761,2017-05-19 05:00:00
236.29,238.61,235.11,238.27,430761,2017-05-22 05:00:00
237.99,237.99,233.35,236.21,542051,2017-05-23 05:00:00
236.21,238.43,234.01,237.71,433787,2017-05-24 05:00:00
243.5,249.17,242.83,245.62,1072595,2017-05-25 05:00:00
245.41,245.42,241.24,244.04,439072,2017-05-26 05:00:00
244.0,245.0,241.29,242.15,609106,2017-05-30 05:00:00
242.3,242.95,236.86,241.13,713673,2017-05-31 05:00:00
240.79,243.38,237.08,241.65,660754,2017-06-01 05:00:00
241.26,241.35,235.25,237.84,968035,2017-06-02 05:00:00
237.84,238.5,235.05,236.51,940595,2017-06-05 05:00:00
235.51,241.61,233.78,240.26,753532,2017-06-06 05:00:00
241.66,242.49,237.925,238.24,537239,2017-06-07 05:00:00
238.1,242.1,237.09,242.01,612580,2017-06-08 05:00:00
241.46,246.43,239.58,241.36,576680,2017-06-09 05:00:00
241.0,245.92,240.54,244.39,759097,2017-06-12 05:00:00
245.5,249.07,245.5,246.29,628664,2017-06-13 05:00:00
246.29,246.6556,238.47,243.31,835908,2017-06-14 05:00:00
241.31,251.6,241.045,250.04,854599,2017-06-15 05:00:00
250.38,254.94,248.41,254.9,1090031,2017-06-16 05:00:00
255.76,259.76,254.41,257.41,814756,2017-06-19 05:00:00
256.18,259.64,256.18,258.1,536735,2017-06-20 05:00:00
259.0,260.2899,256.21,258.94,599720,2017-06-21 05:00:00
258.35,260.2,256.63,259.67,342034,2017-06-22 05:00:00
260.52,263.57,258.1,261.25,884554,2017-06-23 05:00:00
261.0,264.05,259.39,260.91,690631,2017-06-26 05:00:00
261.03,264.46,259.58,259.96,401273,2017-06-27 05:00:00
261.44,263.67,260.02,262.6,437336,2017-06-28 05:00:00
263.22,264.16,256.85,258.12,526875,2017-06-29 05:00:00
259.76,260.13,256.63,256.69,563981,2017-06-30 05:00:00
257.26,258.6,256.09,258.23,307361,2017-07-03 05:00:00
258.68,260.09,257.6,259.28,349809,2017-07-05 05:00:00
257.02,257.66,253.2201,254.33,423866,2017-07-06 05:00:00
254.74,258.11,254.49,256.17,347827,2017-07-07 05:00:00
255.5,257.05,253.31,256.04,562893,2017-07-10 05:00:00
256.6,261.21,255.27,259.32,568191,2017-07-11 05:00:00
260.56,263.6,259.71,260.27,457201,2017-07-12 05:00:00
261.65,265.28,261.02,264.57,497730,2017-07-13 05:00:00
264.55,265.27,261.42,264.14,585075,2017-07-14 05:00:00
265.1,265.68,260.38,262.07,591825,2017-07-17 05:00:00
261.35,263.06,259.5,262.0,395531,2017-07-18 05:00:00
262.24,263.79,261.0,263.53,755620,2017-07-19 05:00:00
243.88,252.4467,235.89,238.62,2099381,2017-07-20 05:00:00
235.98,238.08,232.55,236.54,1566854,2017-07-21 05:00:00
236.63,240.26,235.97,240.15,948102,2017-07-24 05:00:00
240.89,244.87,239.87,242.07,626760,2017-07-25 05:00:00
242.67,242.67,238.56,238.76,508145,2017-07-26 05:00:00
243.0,243.13,237.55,240.71,632698,2017-07-27 05:00:00
240.18,241.52,238.91,241.05,531158,2017-07-28 05:00:00
241.3,242.56,240.55,241.43,357372,2017-07-31 05:00:00
242.02,242.48,239.83,239.87,369012,2017-08-01 05:00:00
239.88,241.31,239.01,240.44,481319,2017-08-02 05:00:00
240.21,241.34,239.0,239.99,378704,2017-08-03 05:00:00
240.99,241.4,238.99,239.27,295593,2017-08-04 05:00:00
238.54,240.57,238.45,238.97,273481,2017-08-07 05:00:00
238.02,239.23,235.05,235.45,498783,2017-08-08 05:00:00
235.0,235.0,231.37,232.44,491373,2017-08-09 05:00:00
229.33,229.58,221.16,222.21,1267066,2017-08-10 05:00:00
221.42,223.41,220.77,222.64,548404,2017-08-11 05:00:00
224.67,226.39,221.04,222.41,759538,2017-08-14 05:00:00
223.0,228.12,221.04,226.45,899405,2017-08-15 05:00:00
227.11,230.45,226.51,228.62,557465,2017-08-16 05:00:00
227.97,229.5,222.845,223.02,513250,2017-08-17 05:00:00
222.56,223.74,221.04,221.27,393619,2017-08-18 05:00:00
221.08,222.37,220.3216,221.15,462588,2017-08-21 05:00:00
222.0,224.239,221.63,222.88,440793,2017-08-22 05:00:00
221.68,222.26,219.05,220.83,555100,2017-08-23 05:00:00
221.38,225.0,221.38,222.9,332122,2017-08-24 05:00:00
223.34,224.5,221.415,222.02,394664,2017-08-25 05:00:00
223.39,224.35,221.9,223.68,278301,2017-08-28 05:00:00
221.65,223.92,221.14,223.64,321837,2017-08-29 05:00:00
223.33,225.27,221.67,225.09,314843,2017-08-30 05:00:00
226.0,226.9,223.72,225.5,386343,2017-08-31 05:00:00
225.95,226.13,223.77,225.18,269977,2017-09-01 05:00:00
224.13,224.85,217.31,219.5,562608,2017-09-05 05:00:00
220.63,222.25,219.141,220.38,446969,2017-09-06 05:00:00
220.55,221.67,215.99,216.05,517188,2017-09-07 05:00:00
214.96,216.0,213.59,214.32,593466,2017-09-08 05:00:00
217.1,220.0,216.0,219.19,542314,2017-09-11 05:00:00
219.14,221.86,217.5001,221.61,576858,2017-09-12 05:00:00
221.06,223.35,219.98,222.46,588953,2017-09-13 05:00:00
221.96,222.01,218.11,218.87,661023,2017-09-14 05:00:00
218.43,219.2131,213.44,216.0,2219803,2017-09-15 05:00:00
216.45,219.77,216.091,217.09,720858,2017-09-18 05:00:00
217.82,217.89,214.91,215.05,517640,2017-09-19 05:00:00
215.05,215.09,209.0,210.43,1004130,2017-09-20 05:00:00
211.3,216.1999,210.57,215.81,522884,2017-09-21 05:00:00
215.1,217.87,215.1,216.76,305208,2017-09-22 05:00:00
217.28,218.145,215.48,217.39,453982,2017-09-25 05:00:00
218.65,220.79,217.75,218.93,674068,2017-09-26 05:00:00
220.46,220.98,217.93,219.86,457947,2017-09-27 05:00:00
219.84,220.86,217.14,220.61,429344,2017-09-28 05:00:00
221.01,226.01,220.98,221.55,600927,2017-09-29 05:00:00
222.0,223.9899,220.031,223.7,413070,2017-10-02 05:00:00
224.0,226.04,221.98,225.75,531083,2017-10-03 05:00:00
226.76,226.83,224.53,225.71,365175,2017-10-04 05:00:00
225.96,227.29,224.43,226.7,413675,2017-10-05 05:00:00
226.26,226.94,225.35,226.22,286358,2017-10-06 05:00:00
226.25,228.025,225.99,226.22,187834,2017-10-09 05:00:00
227.01,228.25,226.23,226.59,267360,2017-10-10 05:00:00
226.48,227.17,224.11,224.8,599649,2017-10-11 05:00:00
223.97,223.97,219.89,220.14,589779,2017-10-12 05:00:00
221.54,234.18,220.85,230.86,953361,2017-10-13 05:00:00
232.26,232.26,226.25,228.77,627225,2017-10-16 05:00:00
228.75,229.95,226.52,226.94,411403,2017-10-17 05:00:00
227.5,231.45,227.5,228.38,581456,2017-10-18 05:00:00
229.0,232.925,215.37,232.8,1322740,2017-10-19 05:00:00
235.36,242.99,235.36,239.37,900838,2017-10-20 05:00:00
240.39,244.43,239.01,239.33,595926,2017-10-23 05:00:00
239.94,240.95,238.91,239.8,531242,2017-10-24 05:00:00
240.02,240.02,233.98,235.82,377410,2017-10-25 05:00:00
236.04,237.8,232.56,232.59,334666,2017-10-26 05:00:00
233.09,235.185,229.29,231.83,391573,2017-10-27 05:00:00
230.55,231.24,224.47,224.47,549339,2017-10-30 05:00:00
224.55,227.91,223.415,223.73,743683,2017-10-31 05:00:00
224.46,226.64,220.59,226.2,481714,2017-11-01 05:00:00
226.89,227.74,222.89,226.24,352869,2017-11-02 05:00:00
226.25,226.39,224.77,225.59,275973,2017-11-03 05:00:00
226.37,232.48,225.94,230.69,443623,2017-11-06 06:00:00
230.4,231.66,228.89,229.72,439237,2017-11-07 06:00:00
229.72,230.67,228.18,229.61,412762,2017-11-08 06:00:00
227.88,228.94,226.0,227.91,319050,2017-11-09 06:00:00
227.68,228.91,224.62,225.45,342930,2017-11-10 06:00:00
223.4,225.27,222.31,224.2,475501,2017-11-13 06:00:00
223.7,226.47,221.09,226.17,562111,2017-11-14 06:00:00
224.9,226.095,218.8,224.59,467625,2017-11-15 06:00:00
225.53,227.505,224.27,225.33,396760,2017-11-16 06:00:00
224.58,226.76,224.19,224.35,269256,2017-11-17 06:00:00
224.35,226.47,223.53,224.67,270894,2017-11-20 06:00:00
219.04,225.825,217.08,223.84,588533,2017-11-21 06:00:00
224.97,226.72,221.46,221.81,302866,2017-11-22 06:00:00
221.84,222.745,221.27,222.02,141389,2017-11-24 06:00:00
221.74,222.81,221.13,221.45,258164,2017-11-27 06:00:00
222.34,225.84,220.49,225.61,443947,2017-11-28 06:00:00
226.88,234.26,225.31,233.21,686620,2017-11-29 06:00:00
235.0,241.97,234.75,239.27,810539,2017-11-30 06:00:00
238.04,239.499,230.94,234.03,657974,2017-12-01 06:00:00
236.26,242.73,234.34,238.17,676454,2017-12-04 06:00:00
238.42,238.42,232.42,232.5,412695,2017-12-05 06:00:00
232.3,232.675,229.4112,229.86,275709,2017-12-06 06:00:00
228.81,234.17,228.81,232.45,364020,2017-12-07 06:00:00
233.71,234.885,231.74,233.05,258433,2017-12-08 06:00:00
233.12,235.595,232.695,234.28,720470,2017-12-11 06:00:00
234.13,238.59,233.69,238.34,825351,2017-12-12 06:00:00
237.5,238.31,233.29,234.0,589058,2017-12-13 06:00:00
234.71,237.46,233.29,236.29,677748,2017-12-14 06:00:00
235.0,240.88,230.53,239.81,1047149,2017-12-15 06:00:00
241.94,248.23,240.66,247.22,983916,2017-12-18 06:00:00
247.27,249.22,244.69,244.85,495554,2017-12-19 06:00:00
246.21,247.93,242.76,247.15,525937,2017-12-20 06:00:00
248.41,250.79,247.6,249.78,704836,2017-12-21 06:00:00
250.88,252.315,249.03,251.99,573287,2017-12-22 06:00:00
250.5,252.0,249.98,250.64,258966,2017-12-26 06:00:00
250.41,250.59,248.95,250.42,284565,2017-12-27 06:00:00
251.365,252.19,249.44,251.35,325367,2017-12-28 06:00:00
252.54,254.79,251.4535,253.48,354053,2017-12-29 06:00:00
254.29,256.32,252.67,255.33,599597,2018-01-02 06:00:00
260.0,264.775,258.72,260.07,682640,2018-01-03 06:00:00
261.68,264.17,261.26,264.05,363198,2018-01-04 06:00:00
265.0,265.0,263.55,264.76,451232,2018-01-05 06:00:00
264.83,264.83,262.17,263.3,457108,2018-01-08 06:00:00
264.5,268.85,264.03,267.96,463498,2018-01-09 06:00:00
267.95,272.405,266.03,272.09,382537,2018-01-10 06:00:00
271.94,274.01,270.59,273.62,510107,2018-01-11 06:00:00
274.79,278.33,273.57,276.37,429874,2018-01-12 06:00:00
276.0,276.0,254.63,258.07,1619139,2018-01-16 06:00:00
260.38,262.15,257.73,258.26,894159,2018-01-17 06:00:00
258.1,259.31,255.58,255.94,543465,2018-01-18 06:00:00
255.01,262.02,255.01,261.82,692298,2018-01-19 06:00:00
262.09,262.09,260.32,261.85,554041,2018-01-22 06:00:00
260.97,262.69,260.25,260.78,430503,2018-01-23 06:00:00
262.45,262.58,257.04,259.49,736558,2018-01-24 06:00:00
252.74,253.02,244.98,252.85,1317875,2018-01-25 06:00:00
253.75,262.75,253.5,261.85,877902,2018-01-26 06:00:00
259.72,261.4,255.5,256.51,904332,2018-01-29 06:00:00
254.0,257.86,254.0,254.59,644310,2018-01-30 06:00:00
255.98,259.94,255.03,256.66,489828,2018-01-31 06:00:00
256.26,257.99,254.37,257.11,281384,2018-02-01 06:00:00
255.13,255.905,249.91,249.91,441101,2018-02-02 06:00:00
247.18,249.5,238.7,238.78,959510,2018-02-05 06:00:00
233.57,242.5,232.75,241.47,1152170,2018-02-06 06:00:00
240.08,249.73,240.08,246.75,828933,2018-02-07 06:00:00
246.08,248.31,240.42,240.6,798941,2018-02-08 06:00:00
242.77,242.77,232.69,240.67,757535,2018-02-09 06:00:00
243.56,249.69,242.11,248.29,594776,2018-02-12 06:00:00
247.11,248.45,243.97,246.26,472207,2018-02-13 06:00:00
246.26,250.72,245.16,250.05,466811,2018-02-14 06:00:00
250.8,250.93,237.05,240.65,1333234,2018-02-15 06:00:00
240.5,246.505,240.5,244.68,563704,2018-02-16 06:00:00
244.5,249.34,243.69,244.57,495648,2018-02-20 06:00:00
243.77,246.09,239.535,239.59,771456,2018-02-21 06:00:00
241.34,244.465,237.5,238.82,787553,2018-02-22 06:00:00
240.26,242.28,239.16,242.09,551456,2018-02-23 06:00:00
243.02,246.18,241.64,245.66,725349,2018-02-26 06:00:00
245.64,246.545,242.3,242.39,382374,2018-02-27 06:00:00
243.6,245.19,240.76,240.96,520793,2018-02-28 06:00:00
241.06,244.02,235.06,235.35,859054,2018-03-01 06:00:00
232.82,234.65,229.95,232.72,850553,2018-03-02 06:00:00
230.8,233.99,230.8,231.77,802601,2018-03-05 06:00:00
233.7,238.41,231.87,235.09,594418,2018-03-06 06:00:00
233.22,236.09,232.81,235.38,404504,2018-03-07 06:00:00
236.96,237.25,234.09,236.17,381726,2018-03-08 06:00:00
237.26,240.06,235.46,239.19,404006,2018-03-09 06:00:00
239.05,241.48,237.93,238.06,465814,2018-03-12 05:00:00
237.97,237.97,229.9,232.63,885561,2018-03-13 05:00:00
233.22,234.38,229.44,230.33,669535,2018-03-14 05:00:00
230.28,231.03,226.34,228.24,751481,2018-03-15 05:00:00
228.44,230.155,227.7,229.09,539764,2018-03-16 05:00:00
228.0,230.12,227.44,229.85,544643,2018-03-19 05:00:00
230.09,230.83,226.85,227.68,489372,2018-03-20 05:00:00
227.31,229.68,226.61,226.78,305501,2018-03-21 05:00:00
225.73,226.22,220.24,220.37,552578,2018-03-22 05:00:00
220.86,222.93,214.94,215.01,645699,2018-03-23 05:00:00
218.27,222.79,217.15,222.25,645898,2018-03-26 05:00:00
222.3,222.3,218.32,219.12,736599,2018-03-27 05:00:00
219.09,224.12,216.04,221.9,771048,2018-03-28 05:00:00
220.65,222.38,205.6101,212.86,2367818,2018-03-29 05:00:00
212.85,214.04,207.07,208.0,863338,2018-04-02 05:00:00
208.3,208.3,204.37,206.2,994281,2018-04-03 05:00:00
203.89,207.9,203.665,207.47,840315,2018-04-04 05:00:00
207.51,210.35,207.15,209.93,742246,2018-04-05 05:00:00
207.41,208.57,204.66,205.75,771017,2018-04-06 05:00:00
206.24,208.87,205.745,206.32,602025,2018-04-09 05:00:00
209.16,211.25,207.65,210.45,466599,2018-04-10 05:00:00
208.27,210.16,205.49,205.87,611521,2018-04-11 05:00:00
206.58,209.73,206.33,207.95,624213,2018-04-12 05:00:00
206.78,207.65,204.91,205.98,702700,2018-04-13 05:00:00
207.07,212.2,207.0,210.55,623077,2018-04-16 05:00:00
210.3,213.455,209.81,211.58,628861,2018-04-17 05:00:00
212.93,215.3198,212.13,213.61,901416,2018-04-18 05:00:00
208.25,213.09,202.0,211.66,1927882,2018-04-19 05:00:00
213.99,217.305,209.02,209.32,1234622,2018-04-20 05:00:00
210.31,210.98,205.905,207.79,750426,2018-04-23 05:00:00
209.43,209.79,204.07,205.37,616395,2018-04-24 05:00:00
205.13,205.24,202.64,204.1,724007,2018-04-25 05:00:00
204.87,205.91,203.52,203.96,530492,2018-04-26 05:00:00
204.05,204.94,203.93,204.48,402731,2018-04-27 05:00:00
204.48,204.93,202.44,203.05,818737,2018-04-30 05:00:00
203.0,203.825,201.49,203.3,539935,2018-05-01 05:00:00
203.82,204.39,198.7,199.25,670862,2018-05-02 05:00:00
197.97,199.2999,193.87,194.64,903369,2018-05-03 05:00:00
193.31,197.49,192.02,197.02,618591,2018-05-04 05:00:00
198.2,200.34,197.57,199.1,693262,2018-05-07 05:00:00
199.48,202.69,198.14,201.75,997757,2018-05-08 05:00:00
202.07,205.8,201.75,203.88,853733,2018-05-09 05:00:00
204.14,207.15,203.97,206.67,605521,2018-05-10 05:00:00
206.78,208.72,206.78,208.05,487304,2018-05-11 05:00:00
208.14,210.09,207.98,209.45,927983,2018-05-14 05:00:00
208.0,208.34,202.48,207.86,850868,2018-05-15 05:00:00
207.67,211.57,207.33,209.68,570987,2018-05-16 05:00:00
209.69,211.6099,209.615,210.57,455709,2018-05-17 05:00:00
210.99,211.52,209.84,210.09,437919,2018-05-18 05:00:00
210.9,214.05,210.49,212.69,497384,2018-05-21 05:00:00
213.07,214.05,212.5,212.74,417077,2018-05-22 05:00:00
211.35,214.85,210.54,214.8,584519,2018-05-23 05:00:00
214.89,215.62,212.64,213.9,377154,2018-05-24 05:00:00
214.17,214.81,212.8,213.13,280862,2018-05-25 05:00:00
212.02,212.47,208.87,209.89,416542,2018-05-29 05:00:00
211.37,213.75,210.53,213.3,373560,2018-05-30 05:00:00
213.58,213.58,209.85,210.82,659459,2018-05-31 05:00:00
211.99,212.98,209.68,209.9,543511,2018-06-01 05:00:00
210.49,212.29,210.39,212.01,346303,2018-06-04 05:00:00
211.84,216.18,211.84,216.07,543768,2018-06-05 05:00:00
216.0,223.05,216.0,222.33,793703,2018-06-06 05:00:00
222.39,223.19,218.85,220.57,463775,2018-06-07 05:00:00
220.09,222.56,219.13,222.38,339955,2018-06-08 05:00:00
223.06,223.325,221.43,222.19,328278,2018-06-11 05:00:00
222.19,227.0,220.57,224.53,478086,2018-06-12 05:00:00
225.61,225.61,223.51,224.23,441136,2018-06-13 05:00:00
225.37,227.91,223.785,226.47,588425,2018-06-14 05:00:00
226.09,235.38,222.07,232.33,1159387,2018-06-15 05:00:00
234.23,237.05,230.59,233.47,590451,2018-06-18 05:00:00
231.2,234.54,229.83,234.49,643157,2018-06-19 05:00:00
234.96,238.13,234.38,236.67,585283,2018-06-20 05:00:00
236.53,239.46,233.7,236.58,493135,2018-06-21 05:00:00
237.32,239.95,235.65,236.62,594891,2018-06-22 05:00:00
236.0,239.615,232.97,234.74,517343,2018-06-25 05:00:00
235.31,236.24,231.82,232.1,410639,2018-06-26 05:00:00
233.81,233.9,229.78,229.85,485082,2018-06-27 05:00:00
229.42,236.12,229.42,235.56,427547,2018-06-28 05:00:00
236.33,236.76,233.0,233.2,476134,2018-06-29 05:00:00
231.15,236.64,231.15,236.45,354710,2018-07-02 05:00:00
236.37,237.865,234.85,235.24,234373,2018-07-03 05:00:00
235.81,238.14,235.51,238.01,272350,2018-07-05 05:00:00
238.16,241.04,238.16,240.6,231331,2018-07-06 05:00:00
242.69,245.93,241.655,244.17,509970,2018-07-09 05:00:00
244.69,245.39,242.64,243.36,610122,2018-07-10 05:00:00
242.54,243.54,241.07,242.25,329416,2018-07-11 05:00:00
244.07,245.209,241.86,244.16,513161,2018-07-12 05:00:00
243.62,244.4,241.08,243.5,366125,2018-07-13 05:00:00
232.96,236.2,218.4,218.97,1639286,2018-07-16 05:00:00
219.0,226.18,219.0,225.44,722517,2018-07-17 05:00:00
226.47,228.26,223.93,226.15,661766,2018-07-18 05:00:00
226.19,232.0,216.065,227.19,1144311,2018-07-19 05:00:00
227.25,237.26,225.93,233.08,959449,2018-07-20 05:00:00
232.31,235.85,231.69,233.37,426411,2018-07-23 05:00:00
235.26,235.41,230.66,232.51,459742,2018-07-24 05:00:00
233.71,237.67,233.71,236.2,354775,2018-07-25 05:00:00
235.89,237.44,234.04,234.15,318209,2018-07-26 05:00:00
232.89,232.89,224.97,227.34,754625,2018-07-27 05:00:00
227.98,230.56,224.61,225.08,417017,2018-07-30 05:00:00
225.9,227.42,224.26,224.88,310182,2018-07-31 05:00:00
224.84,226.745,223.65,225.55,282364,2018-08-01 05:00:00
224.82,225.71,223.11,225.09,295066,2018-08-02 05:00:00
225.7,228.59,223.71,227.59,369881,2018-08-03 05:00:00
227.63,228.2,226.28,227.91,189548,2018-08-06 05:00:00
228.5,230.18,227.89,229.98,330118,2018-08-07 05:00:00
230.65,232.335,229.54,230.51,228386,2018-08-08 05:00:00
230.6,231.79,230.175,230.61,162167,2018-08-09 05:00:00
229.59,230.91,226.55,228.16,242900,2018-08-10 05:00:00
227.8,229.88,226.58,227.36,258981,2018-08-13 05:00:00
230.05,232.68,229.02,231.43,379247,2018-08-14 05:00:00
229.15,231.26,225.04,230.63,534090,2018-08-15 05:00:00
232.31,236.95,231.39,234.99,283586,2018-08-16 05:00:00
235.1,238.43,232.84,238.03,308750,2018-08-17 05:00:00
238.37,240.6,236.08,240.31,422755,2018-08-20 05:00:00
241.26,242.53,240.54,240.88,271215,2018-08-21 05:00:00
240.0,241.89,238.86,240.33,342100,2018-08-22 05:00:00
240.25,240.75,236.72,237.05,577296,2018-08-23 05:00:00
238.43,239.15,236.34,236.93,334640,2018-08-24 05:00:00
238.28,240.98,237.75,238.99,473536,2018-08-27 05:00:00
239.44,240.9,238.08,238.59,362910,2018-08-28 05:00:00
238.9,241.7,238.24,240.91,346403,2018-08-29 05:00:00
240.56,240.77,238.34,239.19,209762,2018-08-30 05:00:00
238.7,241.14,238.0,238.58,329506,2018-08-31 05:00:00
238.45,239.37,235.44,236.9,367925,2018-09-04 05:00:00
236.61,239.72,233.89,238.85,508637,2018-09-05 05:00:00
238.06,239.8,237.15,237.98,288966,2018-09-06 05:00:00
237.76,238.43,236.09,236.95,314868,2018-09-07 05:00:00
238.05,239.96,236.885,237.55,271781,2018-09-10 05:00:00
236.98,238.21,235.01,237.73,313708,2018-09-11 05:00:00
237.25,244.0,234.03,243.54,608968,2018-09-12 05:00:00
243.62,247.09,242.745,243.36,421876,2018-09-13 05:00:00
243.36,244.2,239.41,241.48,356176,2018-09-14 05:00:00
242.5,248.44,241.8,246.12,584720,2018-09-17 05:00:00
245.96,247.82,243.22,246.86,294539,2018-09-18 05:00:00
247.3,247.93,244.45,247.5,428103,2018-09-19 05:00:00
248.0,249.29,246.69,247.8,576171,2018-09-20 05:00:00
249.1,250.27,246.585,248.69,626218,2018-09-21 05:00:00
248.74,248.74,244.56,244.82,362570,2018-09-24 05:00:00
245.39,245.7,242.81,243.07,459331,2018-09-25 05:00:00
243.0,244.005,238.96,239.21,931222,2018-09-26 05:00:00
238.99,238.99,235.76,236.24,355709,2018-09-27 05:00:00
235.77,236.795,234.61,236.16,681872,2018-09-28 05:00:00
237.66,240.935,237.37,237.84,450148,2018-10-01 05:00:00
238.05,238.76,233.51,233.54,407902,2018-10-02 05:00:00
235.22,238.06,234.265,237.0,415496,2018-10-03 05:00:00
236.91,238.29,234.96,235.58,470771,2018-10-04 05:00:00
235.96,236.495,229.5,231.33,289040,2018-10-05 05:00:00
229.71,232.25,226.83,229.42,432421,2018-10-08 05:00:00
229.11,230.115,225.78,227.26,313038,2018-10-09 05:00:00
227.74,228.58,220.46,220.7,717735,2018-10-10 05:00:00
220.25,220.7,210.335,211.69,756741,2018-10-11 05:00:00
215.5,217.21,210.405,213.52,736300,2018-10-12 05:00:00
213.0,213.54,210.24,210.34,683679,2018-10-15 05:00:00
211.4,214.54,209.185,213.05,850925,2018-10-16 05:00:00
214.18,215.27,210.3,211.46,662484,2018-10-17 05:00:00
211.63,223.76,211.63,223.11,1759315,2018-10-18 05:00:00
222.08,223.1,215.31,216.18,1106058,2018-10-19 05:00:00
217.0,217.795,207.95,207.96,840001,2018-10-22 05:00:00
205.03,206.829,200.06,205.48,641965,2018-10-23 05:00:00
205.81,206.47,198.38,198.93,788358,2018-10-24 05:00:00
200.52,203.775,199.52,202.66,454143,2018-10-25 05:00:00
200.75,202.48,195.26,199.05,633122,2018-10-26 05:00:00
200.41,206.32,197.92,200.6,714853,2018-10-29 05:00:00
201.26,204.63,199.25,201.58,511311,2018-10-30 05:00:00
203.78,208.265,203.78,206.18,634642,2018-10-31 05:00:00
206.62,208.92,205.19,207.52,394878,2018-11-01 05:00:00
208.53,209.87,203.69,204.84,294985,2018-11-02 05:00:00
205.47,208.35,203.92,205.92,323938,2018-11-05 06:00:00
206.4,209.51,205.31,207.54,507319,2018-11-06 06:00:00
209.47,213.09,208.07,212.83,290552,2018-11-07 06:00:00
212.14,214.95,210.7901,212.92,308478,2018-11-08 06:00:00
210.85,211.53,206.21,208.26,294971,2018-11-09 06:00:00
207.98,207.98,203.23,203.7,366342,2018-11-12 06:00:00
204.44,207.66,202.85,205.27,255982,2018-11-13 06:00:00
206.42,207.35,199.22,199.74,451065,2018-11-14 06:00:00
198.07,198.97,194.83,197.9,600303,2018-11-15 06:00:00
197.48,199.64,196.79,198.04,364078,2018-11-16 06:00:00
197.5,199.11,192.18,192.98,520064,2018-11-19 06:00:00
189.23,197.02,189.23,192.51,541394,2018-11-20 06:00:00
193.67,199.68,193.67,196.0,433494,2018-11-21 06:00:00
194.55,196.14,194.55,194.78,115497,2018-11-23 06:00:00
196.74,201.27,196.74,200.95,264225,2018-11-26 06:00:00
200.44,202.25,190.21,193.81,744718,2018-11-27 06:00:00
194.0,201.78,194.0,199.57,850082,2018-11-28 06:00:00
197.85,199.58,196.07,196.7,426799,2018-11-29 06:00:00
196.74,200.575,196.23,200.36,657688,2018-11-30 06:00:00
202.4,203.84,193.15,199.05,844698,2018-12-03 06:00:00
198.63,198.63,188.66,188.86,858543,2018-12-04 06:00:00
185.43,187.29,181.8,187.14,784496,2018-12-06 06:00:00
186.9,188.35,178.91,180.44,654604,2018-12-07 06:00:00
181.71,183.7,175.57,179.01,616769,2018-12-10 06:00:00
182.48,183.59,176.41,178.17,381778,2018-12-11 06:00:00
180.45,183.3895,179.31,179.37,443990,2018-12-12 06:00:00
180.23,180.73,174.8,175.49,480112,2018-12-13 06:00:00
174.14,175.0,172.76,173.18,514590,2018-12-14 06:00:00
171.96,172.6,160.05,161.18,1076660,2018-12-17 06:00:00
163.56,165.04,159.0737,160.28,729000,2018-12-18 06:00:00
160.12,164.62,157.92,158.75,635052,2018-12-19 06:00:00
157.26,157.73,151.02,154.28,1147479,2018-12-20 06:00:00
154.28,156.42,148.5498,149.06,1205375,2018-12-21 06:00:00
147.52,148.69,144.45,144.46,301128,2018-12-24 06:00:00
145.87,151.82,142.58,151.68,632493,2018-12-26 06:00:00
150.0,151.9,145.0801,151.89,434465,2018-12-27 06:00:00
152.2,154.04,148.845,149.82,483368,2018-12-28 06:00:00
150.0,151.24,147.263,150.08,587220,2018-12-31 06:00:00
148.01,156.62,147.37,155.38,866612,2019-01-02 06:00:00
152.85,154.57,149.91,151.45,771517,2019-01-03 06:00:00
154.22,162.13,153.2552,161.7,768937,2019-01-04 06:00:00
162.16,163.7,159.87,161.69,1092850,2019-01-07 06:00:00
163.92,165.11,161.26,164.5,695055,2019-01-08 06:00:00
166.56,168.64,164.42,168.1,641548,2019-01-09 06:00:00
167.47,169.995,166.275,167.23,915609,2019-01-10 06:00:00
166.41,167.57,162.135,167.47,715862,2019-01-11 06:00:00
166.27,169.88,165.63,168.14,422115,2019-01-14 06:00:00
168.69,171.29,167.42,167.61,1074388,2019-01-15 06:00:00
167.82,170.23,167.46,168.74,325059,2019-01-16 06:00:00
167.86,170.66,167.19,169.69,472025,2019-01-17 06:00:00
171.45,172.66,168.89,172.52,781536,2019-01-18 06:00:00
172.07,174.38,169.46,170.69,716099,2019-01-22 06:00:00
173.09,176.43,171.59,173.72,757125,2019-01-23 06:00:00
173.67,176.06,171.88,174.63,411816,2019-01-24 06:00:00
176.84,178.9,175.81,177.71,482356,2019-01-25 06:00:00
175.7,179.51,175.46,178.76,620315,2019-01-28 06:00:00
178.13,179.25,176.49,177.81,518840,2019-01-29 06:00:00
178.06,179.77,175.71,179.56,477299,2019-01-30 06:00:00
178.61,181.61,177.545,177.59,968177,2019-01-31 06:00:00
178.15,181.71,177.89,181.33,880193,2019-02-01 06:00:00
182.0,182.65,180.0,181.03,516796,2019-02-04 06:00:00
181.65,182.77,180.28,181.51,353992,2019-02-05 06:00:00
181.21,182.195,179.17,179.88,541631,2019-02-06 06:00:00
164.98,164.98,153.26,162.19,2329962,2019-02-07 06:00:00
158.95,164.87,156.06,164.32,1687238,2019-02-08 06:00:00
164.89,166.89,164.73,165.11,972833,2019-02-11 06:00:00
166.01,170.875,166.01,169.04,972985,2019-02-12 06:00:00
169.7,173.16,168.26,169.41,601210,2019-02-13 06:00:00
168.59,169.25,166.81,166.97,588370,2019-02-14 06:00:00
168.69,173.755,168.69,173.21,779640,2019-02-15 06:00:00
172.31,176.55,172.0,174.83,623653,2019-02-19 06:00:00
174.47,175.27,171.675,173.42,475342,2019-02-20 06:00:00
172.83,174.44,170.31,171.05,436395,2019-02-21 06:00:00
171.71,174.23,170.82,174.06,412247,2019-02-22 06:00:00
176.15,177.425,174.145,174.29,457140,2019-02-25 06:00:00
173.62,175.62,170.69,174.55,517595,2019-02-26 06:00:00
174.5,176.87,172.69,173.27,355602,2019-02-27 06:00:00
172.97,173.6027,171.47,173.0,658114,2019-02-28 06:00:00
174.64,176.185,172.63,173.59,601805,2019-03-01 06:00:00
174.25,175.48,170.61,172.39,548176,2019-03-04 06:00:00
172.69,173.36,170.85,171.18,472144,2019-03-05 06:00:00
170.98,172.23,168.21,168.39,507172,2019-03-06 06:00:00
167.74,168.48,163.89,165.64,705036,2019-03-07 06:00:00
164.0,166.56,163.35,166.35,744937,2019-03-08 06:00:00
167.07,169.53,166.97,169.0,474408,2019-03-11 05:00:00
169.7,169.7,166.96,167.91,441161,2019-03-12 05:00:00
169.05,172.43,168.2,171.05,641258,2019-03-13 05:00:00
171.1,172.84,168.71,169.69,502349,2019-03-14 05:00:00
170.44,172.635,169.28,172.41,755021,2019-03-15 05:00:00
172.62,173.02,169.68,171.78,504052,2019-03-18 05:00:00
173.35,175.66,171.25,171.92,415472,2019-03-19 05:00:00
170.84,171.08,166.73,168.4,351452,2019-03-20 05:00:00
167.77,175.0,167.55,171.42,296845,2019-03-21 05:00:00
170.27,170.6899,164.4,164.56,524470,2019-03-22 05:00:00
164.01,165.6,161.78,164.11,576116,2019-03-25 05:00:00
165.59,170.3,164.91,169.98,692606,2019-03-26 05:00:00
170.06,172.17,168.57,171.06,722533,2019-03-27 05:00:00
171.14,173.76,170.93,172.39,524725,2019-03-28 05:00:00
173.75,177.47,172.54,174.98,958406,2019-03-29 05:00:00
176.07,179.4,175.495,176.12,986660,2019-04-01 05:00:00
176.94,177.9,175.06,175.53,500899,2019-04-02 05:00:00
177.18,179.66,175.755,179.48,529652,2019-04-03 05:00:00
179.53,181.16,178.3,179.83,318336,2019-04-04 05:00:00
180.58,182.5,176.265,177.11,809124,2019-04-05 05:00:00
176.75,178.47,173.93,178.35,526156,2019-04-08 05:00:00
177.5,177.78,175.79,177.21,406143,2019-04-09 05:00:00
177.66,177.97,174.88,176.47,540795,2019-04-10 05:00:00
177.12,177.475,175.27,175.74,329269,2019-04-11 05:00:00
177.04,182.95,177.04,180.93,685597,2019-04-12 05:00:00
172.74,172.74,161.42,164.04,3057926,2019-04-15 05:00:00
164.84,165.73,163.13,163.53,1019195,2019-04-16 05:00:00
164.86,166.885,163.71,164.58,807079,2019-04-17 05:00:00
164.15,164.775,161.755,162.6,1154830,2019-04-18 05:00:00
161.99,163.47,160.01,160.75,683950,2019-04-22 05:00:00
161.16,165.39,160.01,163.02,1110346,2019-04-23 05:00:00
163.04,166.12,161.77,164.8,726190,2019-04-24 05:00:00
160.0,160.15,152.59,153.98,1977468,2019-04-25 05:00:00
154.07,158.89,153.94,156.78,1182689,2019-04-26 05:00:00
157.41,159.78,156.6,158.07,465212,2019-04-29 05:00:00
158.07,160.65,158.07,160.1,711186,2019-04-30 05:00:00
160.8,161.49,156.57,156.57,587091,2019-05-01 05:00:00
156.13,156.985,153.61,154.62,570607,2019-05-02 05:00:00
156.1,156.9,154.87,156.56,445015,2019-05-03 05:00:00
153.03,154.93,152.57,154.06,479554,2019-05-06 05:00:00
151.6,152.09,149.49,150.91,674237,2019-05-07 05:00:00
150.23,151.74,149.53,149.98,500766,2019-05-08 05:00:00
148.36,149.52,146.04,147.91,984735,2019-05-09 05:00:00
147.05,149.43,145.0,148.99,549831,2019-05-10 05:00:00
144.38,145.82,142.07,142.32,403507,2019-05-13 05:00:00
142.64,146.24,142.62,144.86,574619,2019-05-14 05:00:00
143.56,146.44,143.21,145.47,679965,2019-05-15 05:00:00
145.6,148.59,145.6,147.73,470452,2019-05-16 05:00:00
145.58,148.17,145.0,145.65,533529,2019-05-17 05:00:00
144.1,144.88,142.72,143.11,443058,2019-05-20 05:00:00
144.99,147.5,144.33,146.83,473399,2019-05-21 05:00:00
145.66,146.47,144.61,145.06,629062,2019-05-22 05:00:00
143.43,143.43,140.92,141.93,564999,2019-05-23 05:00:00
143.37,144.76,141.83,143.34,379109,2019-05-24 05:00:00
143.57,144.37,141.59,142.07,552316,2019-05-28 05:00:00
141.01,142.32,139.455,142.06,641540,2019-05-29 05:00:00
142.06,143.6742,140.125,140.65,407967,2019-05-30 05:00:00
139.37,139.41,137.36,137.5,470915,2019-05-31 05:00:00
137.5,139.12,135.64,136.6,579908,2019-06-03 05:00:00
138.5,142.83,138.5,142.73,374658,2019-06-04 05:00:00
143.63,143.87,139.33,140.9,617811,2019-06-05 05:00:00
140.62,142.7,139.74,142.17,542263,2019-06-06 05:00:00
143.16,144.49,142.48,142.82,425466,2019-06-07 05:00:00
143.99,144.49,136.06,136.35,1168985,2019-06-10 05:00:00
137.39,138.61,136.52,137.74,688862,2019-06-11 05:00:00
137.62,137.98,136.14,137.67,455868,2019-06-12 05:00:00
137.93,140.7,137.83,140.38,378693,2019-06-13 05:00:00
139.83,140.2,138.52,139.8,361941,2019-06-14 05:00:00
139.83,140.16,137.44,137.96,648126,2019-06-17 05:00:00
139.17,140.539,137.38,137.51,637602,2019-06-18 05:00:00
137.88,138.215,136.45,136.94,516487,2019-06-19 05:00:00
139.14,139.2791,137.31,138.19,692025,2019-06-20 05:00:00
137.93,138.29,136.825,137.12,811302,2019-06-21 05:00:00
136.93,137.81,133.8,134.47,557248,2019-06-24 05:00:00
134.24,135.87,133.56,134.42,644049,2019-06-25 05:00:00
135.17,136.07,135.0,135.38,541012,2019-06-26 05:00:00
135.6,137.44,134.92,137.3,491984,2019-06-27 05:00:00
138.04,140.34,137.42,140.13,1468826,2019-06-28 05:00:00
141.97,143.9,140.675,142.76,757930,2019-07-01 05:00:00
142.57,147.07,141.18,146.41,992130,2019-07-02 05:00:00
146.59,147.22,144.84,146.81,432382,2019-07-03 05:00:00
146.42,148.28,145.535,148.25,383676,2019-07-05 05:00:00
147.11,150.33,146.22,146.71,656718,2019-07-08 05:00:00
147.01,148.5,145.51,148.01,656567,2019-07-09 05:00:00
148.25,149.275,147.11,147.94,547721,2019-07-10 05:00:00
149.02,149.46,147.23,147.97,458160,2019-07-11 05:00:00
148.4,149.98,146.7245,149.6,620734,2019-07-12 05:00:00
149.72,150.09,147.9577,150.02,488928,2019-07-15 05:00:00
149.6,151.46,149.55,150.75,620538,2019-07-16 05:00:00
150.39,151.15,149.18,150.74,799842,2019-07-17 05:00:00
152.25,159.23,151.5348,158.0,2772067,2019-07-18 05:00:00
158.15,158.29,151.37,151.56,2151431,2019-07-19 05:00:00
152.5,154.0,151.778,152.74,1019836,2019-07-22 05:00:00
153.52,155.21,152.87,155.08,779893,2019-07-23 05:00:00
155.14,157.38,154.695,157.34,711627,2019-07-24 05:00:00
158.0,158.69,156.01,156.64,634646,2019-07-25 05:00:00
157.41,159.41,157.16,158.87,525136,2019-07-26 05:00:00
158.74,159.18,156.6,157.55,501931,2019-07-29 05:00:00
156.5,158.04,155.76,157.77,579820,2019-07-30 05:00:00
157.7,158.37,155.5,156.92,548696,2019-07-31 05:00:00
157.2,158.52,154.485,156.04,724666,2019-08-01 05:00:00
155.21,156.58,153.89,155.76,608590,2019-08-02 05:00:00
152.24,153.05,150.3,152.13,1004737,2019-08-05 05:00:00
153.36,153.68,150.965,153.48,771226,2019-08-06 05:00:00
151.35,153.34,150.3,153.21,1534005,2019-08-07 05:00:00
154.0,155.65,153.28,155.28,897281,2019-08-08 05:00:00
154.57,155.0,152.66,153.72,902823,2019-08-09 05:00:00
152.14,153.33,149.97,150.0,1513253,2019-08-12 05:00:00
150.11,154.2,150.11,152.44,1862069,2019-08-13 05:00:00
150.28,151.49,149.51,150.11,2513830,2019-08-14 05:00:00
151.13,153.85,150.52,152.5,3213865,2019-08-15 05:00:00
146.86,147.41,138.6,138.69,4969753,2019-08-16 05:00:00
138.85,139.7599,135.71,136.54,1480793,2019-08-19 05:00:00
136.2,136.2,130.63,130.75,1641524,2019-08-20 05:00:00
137.0,139.96,135.0,138.07,2429292,2019-08-21 05:00:00
138.58,139.11,135.34,135.53,1080156,2019-08-22 05:00:00
134.69,136.41,129.94,130.58,1982466,2019-08-23 05:00:00
131.79,131.79,126.8,127.47,1376019,2019-08-26 05:00:00
127.64,127.86,121.85,122.08,1402486,2019-08-27 05:00:00
121.26,123.31,120.77,122.24,893872,2019-08-28 05:00:00
122.68,124.09,122.45,122.75,1226452,2019-08-29 05:00:00
123.34,124.165,122.08,122.95,709172,2019-08-30 05:00:00
122.7,122.92,118.4,122.05,1475780,2019-09-03 05:00:00
122.89,123.36,120.22,123.33,1589108,2019-09-04 05:00:00
124.74,127.84,124.66,126.99,826441,2019-09-05 05:00:00
127.22,127.86,125.94,125.96,632570,2019-09-06 05:00:00
127.07,130.1203,126.85,129.03,776807,2019-09-09 05:00:00
128.83,132.36,128.575,132.28,1050762,2019-09-10 05:00:00
134.89,135.47,131.69,135.37,898963,2019-09-11 05:00:00
135.41,135.89,132.82,134.69,625165,2019-09-12 05:00:00
136.06,137.29,133.56,133.73,580836,2019-09-13 05:00:00
132.47,135.61,132.47,132.95,742021,2019-09-16 05:00:00
132.8,133.18,129.31,131.41,713076,2019-09-17 05:00:00
131.43,131.43,129.465,130.91,652006,2019-09-18 05:00:00
131.65,134.474,130.71,130.72,544552,2019-09-19 05:00:00
131.3,133.33,130.1075,130.19,922306,2019-09-20 05:00:00
129.59,130.71,128.24,129.3,558331,2019-09-23 05:00:00
129.31,129.5333,125.5,126.75,742049,2019-09-24 05:00:00
126.57,128.5,126.19,127.88,423050,2019-09-25 05:00:00
127.85,128.59,127.17,127.78,379627,2019-09-26 05:00:00
128.67,129.29,126.39,126.42,333114,2019-09-27 05:00:00
126.59,128.795,125.8534,128.13,456660,2019-09-30 05:00:00
129.04,130.9,125.48,126.04,323617,2019-10-01 05:00:00
125.06,125.18,121.62,123.12,578695,2019-10-02 05:00:00
122.65,123.32,119.09,122.56,585054,2019-10-03 05:00:00
122.97,123.95,121.3164,123.88,315733,2019-10-04 05:00:00
123.14,124.61,122.67,122.88,512402,2019-10-07 05:00:00
121.72,121.88,118.09,118.66,621791,2019-10-08 05:00:00
119.41,119.6075,116.68,118.42,605777,2019-10-09 05:00:00
119.09,121.21,117.075,118.21,483259,2019-10-10 05:00:00
120.33,123.04,119.72,122.55,701360,2019-10-11 05:00:00
122.55,123.72,120.94,122.54,493777,2019-10-14 05:00:00
122.85,124.22,121.23,123.7,598184,2019-10-15 05:00:00
123.89,124.85,122.8,123.21,665872,2019-10-16 05:00:00
123.45,124.89,122.79,123.36,563174,2019-10-17 05:00:00
123.05,124.62,122.46,123.54,652756,2019-10-18 05:00:00
124.49,125.74,124.11,124.77,478515,2019-10-21 05:00:00
124.55,125.78,123.01,124.4,475721,2019-10-22 05:00:00
124.3,124.7505,123.23,123.76,572909,2019-10-23 05:00:00
116.0,117.2,101.509,107.02,4086595,2019-10-24 05:00:00
106.35,107.29,104.13,104.8,1622903,2019-10-25 05:00:00
105.4,109.69,105.385,106.79,1118160,2019-10-28 05:00:00
103.4,105.67,103.0,103.98,2855057,2019-10-29 05:00:00
104.36,104.77,101.89,102.79,1070363,2019-10-30 05:00:00
102.42,102.94,99.2,100.0,1293773,2019-10-31 05:00:00
100.82,102.165,100.06,101.06,1076205,2019-11-01 05:00:00
102.03,103.8859,102.005,102.33,778235,2019-11-04 06:00:00
102.99,105.14,102.9,103.88,993534,2019-11-05 06:00:00
103.59,104.92,102.69,103.65,705007,2019-11-06 06:00:00
104.99,106.75,104.99,105.4,1246716,2019-11-07 06:00:00
105.24,108.73,104.89,107.9,1166809,2019-11-08 06:00:00
108.54,110.8,107.67,108.04,1063266,2019-11-11 06:00:00
108.21,109.53,107.5,108.76,966289,2019-11-12 06:00:00
107.5,107.86,106.1201,107.18,556741,2019-11-13 06:00:00
106.8,108.27,106.15,106.61,504874,2019-11-14 06:00:00
106.87,106.87,102.84,103.45,1486284,2019-11-15 06:00:00
103.2,105.12,103.08,104.8,1182154,2019-11-18 06:00:00
105.54,105.92,102.33,103.54,1227267,2019-11-19 06:00:00
103.27,103.41,101.2,101.22,1457317,2019-11-20 06:00:00
101.53,101.7,100.21,101.3,972768,2019-11-21 06:00:00
101.91,104.48,101.77,104.41,920195,2019-11-22 06:00:00
104.31,105.94,102.41,105.4,721146,2019-11-25 06:00:00
106.0,106.455,104.73,106.05,907530,2019-11-26 06:00:00
106.58,107.555,105.505,106.94,430619,2019-11-27 06:00:00
106.46,107.18,105.33,106.91,343162,2019-11-29 06:00:00
106.9,108.33,105.99,106.2,952038,2019-12-02 06:00:00
104.53,104.95,102.2,102.79,800238,2019-12-03 06:00:00
102.52,105.18,101.41,104.3,723550,2019-12-04 06:00:00
104.96,104.96,102.21,103.58,651101,2019-12-05 06:00:00
104.2,106.14,104.2,105.26,867027,2019-12-06 06:00:00
105.03,106.07,103.59,105.41,567175,2019-12-09 06:00:00
105.17,105.9,103.63,103.93,669651,2019-12-10 06:00:00
103.8,105.72,103.8,105.48,749928,2019-12-11 06:00:00
106.0,109.11,105.92,108.94,1046502,2019-12-12 06:00:00
108.95,112.1,108.95,110.05,1082355,2019-12-13 06:00:00
110.99,112.6924,108.575,109.0,893091,2019-12-16 06:00:00
108.46,110.52,108.46,109.83,827518,2019-12-17 06:00:00
109.78,111.31,109.24,110.45,725006,2019-12-18 06:00:00
110.48,112.14,109.35,110.08,879747,2019-12-19 06:00:00
110.9,111.57,109.72,111.29,1608077,2019-12-20 06:00:00
111.35,112.13,110.82,111.47,458726,2019-12-23 06:00:00
111.85,111.85,110.57,110.99,189231,2019-12-24 06:00:00
111.47,111.69,109.68,110.33,438114,2019-12-26 06:00:00
110.98,111.6,110.1,110.91,465901,2019-12-27 06:00:00
110.78,111.51,109.98,110.69,475188,2019-12-30 06:00:00
109.98,112.47,109.21,112.2,602559,2019-12-31 06:00:00
113.46,114.49,111.38,112.48,652001,2020-01-02 06:00:00
110.58,111.69,108.02,110.38,570505,2020-01-03 06:00:00
109.36,110.97,108.3772,110.88,654301,2020-01-06 06:00:00
110.12,110.89,108.96,110.25,530360,2020-01-07 06:00:00
109.9,110.81,108.54,110.21,819482,2020-01-08 06:00:00
111.12,111.77,109.64,110.75,537799,2020-01-09 06:00:00
111.42,112.77,110.11,112.07,715315,2020-01-10 06:00:00
112.17,112.795,110.06,112.42,667123,2020-01-13 06:00:00
111.21,113.37,111.21,112.15,802468,2020-01-14 06:00:00
111.57,114.055,111.28,113.18,812391,2020-01-15 06:00:00
114.44,115.62,113.04,114.03,446552,2020-01-16 06:00:00
114.25,114.48,112.68,112.91,576474,2020-01-17 06:00:00
112.79,113.28,111.68,111.85,512079,2020-01-21 06:00:00
112.45,113.11,111.59,111.62,479181,2020-01-22 06:00:00
111.19,111.95,108.23,111.8,568061,2020-01-23 06:00:00
112.2,112.2,107.2609,107.4,1577813,2020-01-24 06:00:00
105.45,106.12,104.07,105.65,1053621,2020-01-27 06:00:00
106.18,108.14,106.03,107.33,826211,2020-01-28 06:00:00
108.17,110.28,107.66,109.69,1328892,2020-01-29 06:00:00
106.0,107.73,102.4103,107.18,2129315,2020-01-30 06:00:00
106.59,106.59,102.5,102.79,1725738,2020-01-31 06:00:00
103.44,103.95,100.15,100.59,1245236,2020-02-03 06:00:00
102.06,103.58,102.02,102.4,816723,2020-02-04 06:00:00
103.49,108.5,103.49,106.85,1094387,2020-02-05 06:00:00
107.29,107.71,105.64,106.5,763929,2020-02-06 06:00:00
105.65,106.18,104.6,105.92,572890,2020-02-07 06:00:00
105.67,105.92,103.16,103.44,591721,2020-02-10 06:00:00
104.31,104.82,103.05,103.69,342163,2020-02-11 06:00:00
105.87,107.0,104.05,104.63,477856,2020-02-12 06:00:00
103.56,103.99,102.58,103.49,559772,2020-02-13 06:00:00
103.4,104.78,102.73,102.83,1280775,2020-02-14 06:00:00
100.68,102.31,99.38,100.5,854906,2020-02-18 06:00:00
100.91,101.59,99.0,101.36,717939,2020-02-19 06:00:00
101.55,103.8,100.8,103.06,590703,2020-02-20 06:00:00
101.98,102.71,100.99,102.16,503662,2020-02-21 06:00:00
99.0,99.36,97.57,98.72,771742,2020-02-24 06:00:00
98.96,99.1,93.51,93.75,1134056,2020-02-25 06:00:00
94.39,95.31,90.86,90.94,969599,2020-02-26 06:00:00
88.42,90.79,86.25,87.7,1180896,2020-02-27 06:00:00
85.13,87.04,84.32,85.88,1868747,2020-02-28 06:00:00
86.73,86.73,82.1,86.07,1697764,2020-03-02 06:00:00
85.63,86.12,79.45,79.68,1034992,2020-03-03 06:00:00
80.48,81.03,77.41,80.69,1463964,2020-03-04 06:00:00
78.74,78.81,73.69,74.21,1060441,2020-03-05 06:00:00
71.26,74.61,69.57,72.61,1166492,2020-03-06 06:00:00
66.69,68.7,62.61,63.02,1144237,2020-03-09 05:00:00
66.63,66.97,59.68,63.56,1803410,2020-03-10 05:00:00
61.62,62.84,56.9,57.28,2058277,2020-03-11 05:00:00
52.73,53.0,46.25,46.82,1978334,2020-03-12 05:00:00
50.64,51.04,44.39,49.51,2558366,2020-03-13 05:00:00
36.0,43.08,35.97,36.11,2389018,2020-03-16 05:00:00
36.94,37.05,28.08,30.87,3849801,2020-03-17 05:00:00
28.8265,28.8265,21.0,22.61,2703355,2020-03-18 05:00:00
22.29,27.21,20.51,25.38,3435333,2020-03-19 05:00:00
27.26,31.09,26.8,27.55,3864781,2020-03-20 05:00:00
26.53,32.17,26.52,31.02,2098680,2020-03-23 05:00:00
33.91,42.41,32.81,42.01,2564904,2020-03-24 05:00:00
43.45,46.44,38.3,38.51,2156940,2020-03-25 05:00:00
40.0,42.79,36.41,37.55,1702849,2020-03-26 05:00:00
35.77,38.03,35.05,36.47,2085542,2020-03-27 05:00:00
36.58,36.58,32.8,34.3,1386949,2020-03-30 05:00:00
33.8,35.52,32.1,33.65,1291293,2020-03-31 05:00:00
31.74,32.15,30.12,31.04,1525989,2020-04-01 05:00:00
31.01,31.59,26.56,28.29,2273672,2020-04-02 05:00:00
28.41,28.68,25.635,26.49,1419626,2020-04-03 05:00:00
28.98,32.79,28.73,31.16,3188585,2020-04-06 05:00:00
34.28,39.38,34.28,35.57,2414518,2020-04-07 05:00:00
36.0,41.77,35.9,40.71,1825027,2020-04-08 05:00:00
44.78,46.3,37.12,38.58,2269271,2020-04-09 05:00:00
36.87,37.5,33.79,35.82,2225970,2020-04-13 05:00:00
37.22,37.6401,34.01,36.41,1908004,2020-04-14 05:00:00
34.26,34.77,32.6801,34.52,1444503,2020-04-15 05:00:00
34.45,34.45,32.5145,33.0,1555134,2020-04-16 05:00:00
34.74,37.94,34.72,37.86,1999133,2020-04-17 05:00:00
36.0,38.6399,35.33,36.49,1203325,2020-04-20 05:00:00
35.0,37.3,35.0,35.97,1653243,2020-04-21 05:00:00
37.55,37.97,35.72,36.68,1322935,2020-04-22 05:00:00
36.69,41.25,35.59,40.39,2944825,2020-04-23 05:00:00
40.79,42.44,38.75,40.4,3935621,2020-04-24 05:00:00
41.2,42.74,40.51,41.39,2004789,2020-04-27 05:00:00
44.48,48.3295,43.61,47.6,2104879,2020-04-28 05:00:00
51.7,55.36,51.27,54.94,2743784,2020-04-29 05:00:00
53.66,53.685,50.01,50.07,1748398,2020-04-30 05:00:00
47.76,47.9,45.01,46.38,1961517,2020-05-01 05:00:00
44.01,46.53,43.07,46.34,1554741,2020-05-04 05:00:00
48.24,50.92,45.13,45.34,1944895,2020-05-05 05:00:00
46.09,46.76,43.11,43.71,1461149,2020-05-06 05:00:00
44.74,47.28,44.52,45.5,1061727,2020-05-07 05:00:00
47.03,47.5,45.561,47.18,1225861,2020-05-08 05:00:00
45.95,46.34,42.81,43.02,2224237,2020-05-11 05:00:00
43.4,45.47,40.36,40.47,1718202,2020-05-12 05:00:00
40.08,40.08,36.14,37.06,2240691,2020-05-13 05:00:00
35.99,40.15,35.13,39.38,2271726,2020-05-14 05:00:00
38.56,39.24,37.31,38.18,1478581,2020-05-15 05:00:00
40.97,45.155,40.68,44.83,2008915,2020-05-18 05:00:00
44.15,45.25,42.16,42.65,1318398,2020-05-19 05:00:00
44.01,46.275,43.7,44.08,1492940,2020-05-20 05:00:00
44.0,44.91,42.29,43.06,1156514,2020-05-21 05:00:00
43.36,43.76,41.81,42.05,1143693,2020-05-22 05:00:00
45.6,50.29,44.96,49.42,2640217,2020-05-26 05:00:00
52.96,54.4,50.16,51.99,2133714,2020-05-27 05:00:00
52.02,52.1,48.69,49.0,1495633,2020-05-28 05:00:00
47.65,49.14,46.0,46.33,4258012,2020-05-29 05:00:00
46.58,51.15,46.27,49.9,2055763,2020-06-01 05:00:00
51.01,51.66,49.17,49.75,1629067,2020-06-02 05:00:00
51.63,55.49,51.63,55.17,1855259,2020-06-03 05:00:00
54.93,56.08,52.565,54.53,2101061,2020-06-04 05:00:00
59.77,62.565,58.69,60.34,2597811,2020-06-05 05:00:00
64.3,66.28,62.61,66.09,2238367,2020-06-08 05:00:00
62.09,65.43,61.43,63.51,2020238,2020-06-09 05:00:00
61.99,62.1199,55.65,56.55,2110612,2020-06-10 05:00:00
51.56,53.2199,47.045,47.57,2955256,2020-06-11 05:00:00
51.51,52.7,48.7001,52.09,2323967,2020-06-12 05:00:00
49.0,51.5,48.06,50.86,2242985,2020-06-15 05:00:00
54.5,56.315,51.46,53.08,2015673,2020-06-16 05:00:00
52.89,53.37,50.3,50.59,1455775,2020-06-17 05:00:00
49.54,50.51,47.81,48.78,1737928,2020-06-18 05:00:00
50.45,50.54,46.82,47.4,9731208,2020-06-19 05:00:00
47.17,48.21,46.1,47.4,2469417,2020-06-22 05:00:00
47.82,48.76,47.115,48.63,1782655,2020-06-23 05:00:00
47.44,48.29,44.6483,45.44,2078594,2020-06-24 05:00:00
44.49,46.8955,44.28,46.12,1535434,2020-06-25 05:00:00
45.55,45.86,42.42,42.87,1813348,2020-06-26 05:00:00
43.45,45.74,42.9001,45.71,1287773,2020-06-29 05:00:00
45.41,46.47,44.405,45.12,1456477,2020-06-30 05:00:00
45.37,47.39,43.43,43.74,1371470,2020-07-01 05:00:00
45.2,46.25,43.48,43.7,1091887,2020-07-02 05:00:00
45.26,46.205,43.32,43.81,1545813,2020-07-06 05:00:00
43.3,43.73,41.76,42.0,1094187,2020-07-07 05:00:00
42.15,42.67,41.0933,42.49,1080024,2020-07-08 05:00:00
42.59,42.77,39.09,39.9,1626155,2020-07-09 05:00:00
39.34,41.86,38.884,41.52,1743244,2020-07-10 05:00:00
42.26,43.135,40.71,40.97,1210008,2020-07-13 05:00:00
40.5,41.31,39.65,40.53,856448,2020-07-14 05:00:00
42.49,44.07,41.672,43.78,1629217,2020-07-15 05:00:00
42.59,45.4,42.2,44.23,1200259,2020-07-16 05:00:00
44.11,44.3699,41.915,42.51,851020,2020-07-17 05:00:00
41.63,41.6802,39.67,40.12,1319578,2020-07-20 05:00:00
40.88,42.855,40.86,42.27,2070327,2020-07-21 05:00:00
41.92,42.7,41.0901,42.57,1317609,2020-07-22 05:00:00
43.92,46.39,43.28,44.76,1917722,2020-07-23 05:00:00
46.5,46.5,43.95,44.41,1384622,2020-07-24 05:00:00
44.0,44.24,42.61,43.86,799775,2020-07-27 05:00:00
43.39,44.59,42.93,43.02,699666,2020-07-28 05:00:00
42.76,45.585,42.74,45.43,826422,2020-07-29 05:00:00
44.16,44.64,42.9632,44.5,798136,2020-07-30 05:00:00
44.33,44.42,42.5815,44.36,1037829,2020-07-31 05:00:00
44.56,45.6,43.42,44.94,801705,2020-08-03 05:00:00
44.9,45.5,43.445,43.54,971123,2020-08-04 05:00:00
44.86,45.39,43.65,45.33,902024,2020-08-05 05:00:00
45.05,46.28,44.33,45.3,645211,2020-08-06 05:00:00
44.85,46.19,44.19,46.15,604907,2020-08-07 05:00:00
46.67,48.41,46.55,47.29,960372,2020-08-10 05:00:00
49.11,50.85,48.8,48.91,1187705,2020-08-11 05:00:00
49.76,50.0118,47.062,47.84,752798,2020-08-12 05:00:00
46.95,48.37,46.46,47.11,535666,2020-08-13 05:00:00
46.52,48.7,46.5,47.84,537836,2020-08-14 05:00:00
47.63,48.12,46.94,47.01,677644,2020-08-17 05:00:00
46.93,46.93,44.815,45.28,1439536,2020-08-18 05:00:00
45.02,46.92,45.02,45.62,924782,2020-08-19 05:00:00
45.04,45.24,43.35,43.51,1048151,2020-08-20 05:00:00
42.94,44.14,42.79,43.19,662858,2020-08-21 05:00:00
43.64,46.0653,43.1,45.59,815676,2020-08-24 05:00:00
46.0,46.97,44.93,45.97,745199,2020-08-25 05:00:00
46.25,46.59,44.46,44.92,625634,2020-08-26 05:00:00
44.77,47.072,44.77,46.51,882042,2020-08-27 05:00:00
47.0,47.2,45.64,46.95,1067973,2020-08-28 05:00:00
46.95,46.95,44.855,45.11,937623,2020-08-31 05:00:00
45.5,46.13,44.62,45.19,664657,2020-09-01 05:00:00
45.18,46.19,44.82,46.07,1049826,2020-09-02 05:00:00
46.19,47.91,44.95,45.31,1018426,2020-09-03 05:00:00
46.72,48.4,45.46,48.11,1324995,2020-09-04 05:00:00
46.98,48.26,46.14,46.67,989293,2020-09-08 05:00:00
46.84,46.84,44.3,45.65,1185391,2020-09-09 05:00:00
46.17,47.68,45.09,45.23,708672,2020-09-10 05:00:00
44.73,45.48,43.91,45.25,840772,2020-09-11 05:00:00
45.68,46.65,45.35,46.33,717520,2020-09-14 05:00:00
46.5,46.89,44.26,44.36,904582,2020-09-15 05:00:00
44.52,47.67,44.3,47.05,1274297,2020-09-16 05:00:00
45.51,47.66,45.51,47.5,773953,2020-09-17 05:00:00
47.48,48.2,46.35,46.37,1618772,2020-09-18 05:00:00
44.65,45.22,43.7,45.1,1271868,2020-09-21 05:00:00
45.97,46.7,43.22,43.64,1044792,2020-09-22 05:00:00
43.83,44.95,41.9,41.97,1026716,2020-09-23 05:00:00
41.7,43.1205,39.77,42.32,1522639,2020-09-24 05:00:00
41.79,42.95,41.61,42.0,1096773,2020-09-25 05:00:00
43.62,43.81,42.64,43.26,781531,2020-09-28 05:00:00
43.09,43.09,41.67,42.82,705482,2020-09-29 05:00:00
42.91,43.5,41.6,41.98,1127625,2020-09-30 05:00:00
42.47,43.45,42.23,43.44,1409997,2020-10-01 05:00:00
42.36,45.905,42.1134,45.32,1150562,2020-10-02 05:00:00
45.97,47.4,45.89,46.92,1062137,2020-10-05 05:00:00
47.5,48.95,45.77,46.0,1096430,2020-10-06 05:00:00
46.8,47.56,46.19,46.77,537109,2020-10-07 05:00:00
47.48,48.525,46.875,48.41,703288,2020-10-08 05:00:00
49.0,49.46,48.01,48.62,762561,2020-10-09 05:00:00
48.99,49.05,47.8201,48.5,563937,2020-10-12 05:00:00
49.66,50.73,49.11,50.06,1222900,2020-10-13 05:00:00
49.51,52.73,49.35,52.22,1638233,2020-10-14 05:00:00
51.13,52.72,50.73,52.66,868150,2020-10-15 05:00:00
53.08,55.68,52.85,55.0,1352323,2020-10-16 05:00:00
54.86,56.35,53.65,54.23,1200369,2020-10-19 05:00:00
54.67,54.97,51.69,51.76,1261410,2020-10-20 05:00:00
51.72,52.16,48.505,48.61,1185444,2020-10-21 05:00:00
49.1,49.68,48.28,49.58,1026159,2020-10-22 05:00:00
49.76,50.69,48.12,48.61,976091,2020-10-23 05:00:00
47.65,47.805,45.51,46.7,1133401,2020-10-26 05:00:00
46.38,46.45,44.9,45.04,877325,2020-10-27 05:00:00
43.45,44.92,42.8,43.76,1440151,2020-10-28 05:00:00
45.58,52.32,44.32,52.04,2976371,2020-10-29 05:00:00
51.39,52.7999,49.84,51.54,1629896,2020-10-30 05:00:00
52.31,55.59,51.87,55.25,1825548,2020-11-02 06:00:00
56.03,57.98,55.25,57.37,1196738,2020-11-03 06:00:00
56.93,58.195,54.34,56.65,932502,2020-11-04 06:00:00
57.25,59.35,57.25,58.62,968696,2020-11-05 06:00:00
59.11,59.85,58.03,58.67,1278318,2020-11-06 06:00:00
64.89,70.38,64.89,69.34,1956391,2020-11-09 06:00:00
70.03,70.72,66.83,69.2,1078752,2020-11-10 06:00:00
69.82,70.48,64.3,64.38,1187400,2020-11-11 06:00:00
62.96,63.57,60.38,61.96,1140147,2020-11-12 06:00:00
63.14,66.33,62.64,66.06,781379,2020-11-13 06:00:00
68.64,71.5,68.61,69.85,1166175,2020-11-16 06:00:00
68.77,69.57,66.34,68.75,1083925,2020-11-17 06:00:00
68.56,70.47,66.87,66.93,1045328,2020-11-18 06:00:00
66.7,68.28,66.1542,67.97,1217913,2020-11-19 06:00:00
67.85,68.15,65.915,66.4,627079,2020-11-20 06:00:00
68.27,71.67,67.3145,71.01,746679,2020-11-23 06:00:00
73.35,75.31,72.5,75.06,1130060,2020-11-24 06:00:00
73.95,75.38,72.61,74.57,757623,2020-11-25 06:00:00
75.0,75.18,73.67,74.57,319079,2020-11-27 06:00:00
74.6,75.31,72.83,73.14,1149389,2020-11-30 06:00:00
74.93,78.59,74.51,76.23,1017844,2020-12-01 06:00:00
75.18,79.39,74.23,79.14,979023,2020-12-02 06:00:00
78.89,83.27,78.33,82.45,1023818,2020-12-03 06:00:00
83.69,85.55,82.397,83.61,1106590,2020-12-04 06:00:00
82.74,83.43,80.3,81.06,1446918,2020-12-07 06:00:00
80.0,81.28,75.6088,75.95,1568396,2020-12-08 06:00:00
76.82,77.69,73.93,74.94,1694466,2020-12-09 06:00:00
73.09,75.7,72.56,74.86,1130158,2020-12-10 06:00:00
73.8,73.8,71.43,72.67,892818,2020-12-11 06:00:00
74.6,75.7299,71.64,72.07,1515377,2020-12-14 06:00:00
72.0,72.3,69.5,72.04,1002370,2020-12-15 06:00:00
72.46,72.97,70.7198,71.49,667210,2020-12-16 06:00:00
71.6,71.94,69.91,70.75,576587,2020-12-17 06:00:00
70.6,71.51,69.62,71.45,1547907,2020-12-18 06:00:00
69.46,70.25,67.75,68.28,1933178,2020-12-21 06:00:00
68.98,69.37,67.445,67.7,753139,2020-12-22 06:00:00
68.88,73.13,68.2218,71.31,894485,2020-12-23 06:00:00
71.78,72.38,70.14,72.01,345830,2020-12-24 06:00:00
72.06,73.4698,71.765,72.47,643542,2020-12-28 06:00:00
72.96,73.09,70.91,71.0,548181,2020-12-29 06:00:00
71.05,73.73,71.05,73.68,611825,2020-12-30 06:00:00
73.58,75.19,72.3099,74.1,719774,2020-12-31 06:00:00
74.5,75.22,70.51,70.93,606752,2021-01-04 06:00:00
70.94,73.34,70.94,72.3,651282,2021-01-05 06:00:00
73.8,80.44,73.73,78.9,1408370,2021-01-06 06:00:00
76.48,78.55,73.23,78.32,2031603,2021-01-07 06:00:00
78.5,78.99,73.4543,74.5,875165,2021-01-08 06:00:00
72.82,74.9,72.25,72.92,781497,2021-01-11 06:00:00
73.0,74.18,72.1,73.74,454619,2021-01-12 06:00:00
74.0,75.0,73.31,73.74,931705,2021-01-13 06:00:00
74.91,75.86,73.67,74.78,1332322,2021-01-14 06:00:00
73.0,74.0,70.01,71.02,1368778,2021-01-15 06:00:00
72.32,73.4,71.67,72.75,2086645,2021-01-19 06:00:00
73.0,74.15,72.7,72.82,697529,2021-01-20 06:00:00
72.28,73.49,70.3,71.26,970011,2021-01-21 06:00:00
70.01,70.97,69.03,70.82,995526,2021-01-22 06:00:00
69.47,70.38,67.6967,69.26,566056,2021-01-25 06:00:00
70.74,71.3346,68.48,68.6,703507,2021-01-26 06:00:00
66.91,68.885,65.28,67.58,2502657,2021-01-27 06:00:00
72.44,73.98,67.32,70.79,1418037,2021-01-28 06:00:00
70.98,71.92,67.005,67.65,1218252,2021-01-29 06:00:00
68.33,68.86,66.83,67.68,1003235,2021-02-01 06:00:00
69.23,70.17,67.726,69.73,820656,2021-02-02 06:00:00
71.05,75.49,70.48,75.17,1110559,2021-02-03 06:00:00
75.78,83.38,75.57,83.15,2399534,2021-02-04 06:00:00
83.24,87.08,83.24,84.86,1573914,2021-02-05 06:00:00
84.8,86.76,83.24,86.51,723196,2021-02-08 06:00:00
86.64,86.81,82.38,83.4,793236,2021-02-09 06:00:00
84.37,87.78,83.64,85.74,798159,2021-02-10 06:00:00
85.35,86.79,82.1618,83.54,655375,2021-02-11 06:00:00
83.09,84.44,82.03,83.18,452134,2021-02-12 06:00:00
85.08,88.0,84.62,87.11,1210903,2021-02-16 06:00:00
85.75,87.9,85.285,86.59,495081,2021-02-17 06:00:00
85.12,86.295,83.0,83.7,572595,2021-02-18 06:00:00
84.71,86.87,84.14,86.42,715982,2021-02-19 06:00:00
86.46,90.78,86.0,87.11,796431,2021-02-22 06:00:00
87.48,91.4,85.0359,91.18,1219729,2021-02-23 06:00:00
91.45,96.015,90.83,94.96,769836,2021-02-24 06:00:00
94.6,95.94,90.61,91.81,733061,2021-02-25 06:00:00
91.42,97.49,90.11,96.5,1715364,2021-02-26 06:00:00
98.74,100.6867,96.845,99.6,1397168,2021-03-01 06:00:00
99.28,100.86,96.86,96.98,683451,2021-03-02 06:00:00
97.62,102.375,97.31,101.1,994356,2021-03-03 06:00:00
100.5,102.79,94.03,97.29,1129459,2021-03-04 06:00:00
98.86,104.96,94.51,103.75,1136217,2021-03-05 06:00:00
105.0,106.99,103.76,105.3,1116628,2021-03-08 06:00:00
104.32,109.76,102.9501,107.37,1282030,2021-03-09 06:00:00
107.97,109.98,105.62,108.87,1105155,2021-03-10 06:00:00
108.36,110.6,107.34,109.04,1268913,2021-03-11 06:00:00
110.0,111.68,109.0,110.44,809193,2021-03-12 06:00:00
111.73,115.81,109.23,115.58,1637686,2021-03-15 05:00:00
116.0,117.01,110.9,112.67,1141565,2021-03-16 05:00:00
112.14,118.05,112.03,116.56,724641,2021-03-17 05:00:00
116.5,120.3,112.57,113.45,984441,2021-03-18 05:00:00
113.59,117.27,110.78,115.12,1376895,2021-03-19 05:00:00
113.82,115.3563,109.12,110.53,840778,2021-03-22 05:00:00
108.0,111.25,104.55,105.54,748079,2021-03-23 05:00:00
107.41,110.86,106.23,106.23,395265,2021-03-24 05:00:00
104.64,112.91,104.13,111.86,618477,2021-03-25 05:00:00
115.5,118.86,112.93,118.69,1058211,2021-03-26 05:00:00
118.8,121.28,110.705,111.77,709065,2021-03-29 05:00:00
112.18,116.07,111.9585,115.2,344978,2021-03-30 05:00:00
115.44,115.96,111.96,112.09,640384,2021-03-31 05:00:00
113.19,114.375,111.4001,113.35,523425,2021-04-01 05:00:00
115.32,115.65,112.31,113.47,770926,2021-04-05 05:00:00
113.76,115.71,112.62,112.98,678731,2021-04-06 05:00:00
113.88,114.74,110.55,111.79,664139,2021-04-07 05:00:00
110.0,113.24,108.03,111.67,626266,2021-04-08 05:00:00
110.73,112.22,108.22,109.81,691836,2021-04-09 05:00:00
110.7,111.93,109.52,111.7,614595,2021-04-12 05:00:00
110.88,110.95,104.99,105.72,1406027,2021-04-13 05:00:00
105.83,110.55,105.0,107.64,1214525,2021-04-14 05:00:00
107.63,108.265,104.12,107.5,1180813,2021-04-15 05:00:00
108.86,110.31,107.225,109.78,890414,2021-04-16 05:00:00
110.0,111.29,107.52,108.53,887798,2021-04-19 05:00:00
107.27,107.725,101.61,102.01,795761,2021-04-20 05:00:00
102.03,105.29,102.03,105.04,727533,2021-04-21 05:00:00
105.66,107.49,104.29,105.26,563039,2021-04-22 05:00:00
105.51,107.795,104.95,107.07,356192,2021-04-23 05:00:00
108.09,110.16,106.14,106.5,573651,2021-04-26 05:00:00
105.78,106.76,104.245,105.46,394491,2021-04-27 05:00:00
105.5,108.08,104.9,107.84,972996,2021-04-28 05:00:00
111.0,120.8077,111.0,118.64,2450544,2021-04-29 05:00:00
118.0,120.3,117.05,117.85,1868254,2021-04-30 05:00:00
120.04,122.476,115.83,116.86,864730,2021-05-03 05:00:00
116.59,120.0,114.54,119.58,839924,2021-05-04 05:00:00
120.59,122.74,118.51,122.17,535530,2021-05-05 05:00:00
124.0,125.67,118.19,120.68,474705,2021-05-06 05:00:00
120.4,126.4,119.39,124.87,628949,2021-05-07 05:00:00
125.01,127.99,121.71,122.05,861488,2021-05-10 05:00:00
117.66,122.2,116.1896,120.71,683770,2021-05-11 05:00:00
124.19,125.05,113.8021,114.19,629049,2021-05-12 05:00:00
113.5,117.64,112.35,115.96,926220,2021-05-13 05:00:00
116.94,121.04,114.39,120.6,430793,2021-05-14 05:00:00
119.33,122.52,118.94,122.1,403988,2021-05-17 05:00:00
122.73,124.335,118.86,119.79,818016,2021-05-18 05:00:00
118.31,119.33,114.54,118.9,684715,2021-05-19 05:00:00
120.16,121.9899,115.5283,116.74,779547,2021-05-20 05:00:00
117.8,120.28,117.11,117.71,731755,2021-05-21 05:00:00
117.99,119.73,116.1,118.3,667405,2021-05-24 05:00:00
118.98,120.75,113.98,114.17,846959,2021-05-25 05:00:00
115.42,118.34,114.915,117.21,541376,2021-05-26 05:00:00
118.77,122.38,118.01,121.87,954870,2021-05-27 05:00:00
121.92,122.28,118.31,121.05,516587,2021-05-28 05:00:00
122.97,125.97,122.91,124.56,754990,2021-06-01 05:00:00
125.35,128.16,123.51,124.72,771031,2021-06-02 05:00:00
123.73,124.64,122.3,122.82,620096,2021-06-03 05:00:00
121.23,122.38,116.42,118.17,2303976,2021-06-04 05:00:00
